code,name,type,nav_date,unit_nav,accum_nav,source
160716,,,2016-10-10,1.1416,1.1416,eastmoney:lsjz-backfill
160716,,,2016-10-11,1.1459,1.1459,eastmoney:lsjz-backfill
160716,,,2016-10-12,1.1419,1.1419,eastmoney:lsjz-backfill
160716,,,2016-10-13,1.143,1.143,eastmoney:lsjz-backfill
160716,,,2016-10-14,1.1506,1.1506,eastmoney:lsjz-backfill
160716,,,2016-10-17,1.1433,1.1433,eastmoney:lsjz-backfill
160716,,,2016-10-18,1.1568,1.1568,eastmoney:lsjz-backfill
160716,,,2016-10-19,1.1589,1.1589,eastmoney:lsjz-backfill
160716,,,2016-10-20,1.1614,1.1614,eastmoney:lsjz-backfill
160716,,,2016-10-21,1.1726,1.1726,eastmoney:lsjz-backfill
160716,,,2016-10-24,1.1844,1.1844,eastmoney:lsjz-backfill
160716,,,2016-10-25,1.1834,1.1834,eastmoney:lsjz-backfill
160716,,,2016-10-26,1.1757,1.1757,eastmoney:lsjz-backfill
160716,,,2016-10-27,1.1695,1.1695,eastmoney:lsjz-backfill
160716,,,2016-10-28,1.1703,1.1703,eastmoney:lsjz-backfill
160716,,,2016-10-31,1.1689,1.1689,eastmoney:lsjz-backfill
160716,,,2016-11-01,1.1755,1.1755,eastmoney:lsjz-backfill
160716,,,2016-11-02,1.1637,1.1637,eastmoney:lsjz-backfill
160716,,,2016-11-03,1.1792,1.1792,eastmoney:lsjz-backfill
160716,,,2016-11-04,1.1805,1.1805,eastmoney:lsjz-backfill
160716,,,2016-11-07,1.1834,1.1834,eastmoney:lsjz-backfill
160716,,,2016-11-08,1.184,1.184,eastmoney:lsjz-backfill
160716,,,2016-11-09,1.1797,1.1797,eastmoney:lsjz-backfill
160716,,,2016-11-10,1.1912,1.1912,eastmoney:lsjz-backfill
160716,,,2016-11-11,1.1966,1.1966,eastmoney:lsjz-backfill
160716,,,2016-11-14,1.202,1.202,eastmoney:lsjz-backfill
160716,,,2016-11-15,1.1978,1.1978,eastmoney:lsjz-backfill
160716,,,2016-11-16,1.1978,1.1978,eastmoney:lsjz-backfill
160716,,,2016-11-17,1.2052,1.2052,eastmoney:lsjz-backfill
160716,,,2016-11-18,1.2036,1.2036,eastmoney:lsjz-backfill
160716,,,2016-11-21,1.2176,1.2176,eastmoney:lsjz-backfill
160716,,,2016-11-22,1.2297,1.2297,eastmoney:lsjz-backfill
160716,,,2016-11-23,1.2383,1.2383,eastmoney:lsjz-backfill
160716,,,2016-11-24,1.2407,1.2407,eastmoney:lsjz-backfill
160716,,,2016-11-25,1.2581,1.2581,eastmoney:lsjz-backfill
160716,,,2016-11-28,1.2702,1.2702,eastmoney:lsjz-backfill
160716,,,2016-11-29,1.2903,1.2903,eastmoney:lsjz-backfill
160716,,,2016-11-30,1.2801,1.2801,eastmoney:lsjz-backfill
160716,,,2016-12-01,1.2908,1.2908,eastmoney:lsjz-backfill
160716,,,2016-12-02,1.2829,1.2829,eastmoney:lsjz-backfill
160716,,,2016-12-06,1.2522,1.2522,eastmoney:lsjz-backfill
160716,,,2016-12-07,1.2523,1.2523,eastmoney:lsjz-backfill
160716,,,2016-12-08,1.2567,1.2567,eastmoney:lsjz-backfill
160716,,,2016-12-09,1.2803,1.2803,eastmoney:lsjz-backfill
160716,,,2016-12-12,1.2662,1.2662,eastmoney:lsjz-backfill
160716,,,2016-12-13,1.2585,1.2585,eastmoney:lsjz-backfill
160716,,,2016-12-14,1.247,1.247,eastmoney:lsjz-backfill
160716,,,2016-12-15,1.2206,1.2206,eastmoney:lsjz-backfill
160716,,,2016-12-16,1.2193,1.2193,eastmoney:lsjz-backfill
160716,,,2016-12-19,1.2121,1.2121,eastmoney:lsjz-backfill
160716,,,2016-12-20,1.2058,1.2058,eastmoney:lsjz-backfill
160716,,,2016-12-21,1.2174,1.2174,eastmoney:lsjz-backfill
160716,,,2016-12-22,1.2185,1.2185,eastmoney:lsjz-backfill
160716,,,2016-12-23,1.2141,1.2141,eastmoney:lsjz-backfill
160716,,,2016-12-26,1.2224,1.2224,eastmoney:lsjz-backfill
160716,,,2016-12-27,1.2182,1.2182,eastmoney:lsjz-backfill
160716,,,2016-12-28,1.2128,1.2128,eastmoney:lsjz-backfill
160716,,,2016-12-29,1.2128,1.2128,eastmoney:lsjz-backfill
160716,,,2016-12-30,1.2134,1.2134,eastmoney:lsjz-backfill
160716,,,2016-12-31,1.2134,1.2134,eastmoney:lsjz-backfill
160716,,,2017-01-03,1.2243,1.2243,eastmoney:lsjz-backfill
160716,,,2017-01-04,1.2317,1.2317,eastmoney:lsjz-backfill
160716,,,2017-01-05,1.2358,1.2358,eastmoney:lsjz-backfill
160716,,,2017-01-06,1.2311,1.2311,eastmoney:lsjz-backfill
160716,,,2017-01-09,1.2346,1.2346,eastmoney:lsjz-backfill
160716,,,2017-01-10,1.2309,1.2309,eastmoney:lsjz-backfill
160716,,,2017-01-11,1.2215,1.2215,eastmoney:lsjz-backfill
160716,,,2017-01-12,1.2172,1.2172,eastmoney:lsjz-backfill
160716,,,2017-01-13,1.2243,1.2243,eastmoney:lsjz-backfill
160716,,,2017-01-16,1.2365,1.2365,eastmoney:lsjz-backfill
160716,,,2017-01-17,1.2333,1.2333,eastmoney:lsjz-backfill
160716,,,2017-01-18,1.2426,1.2426,eastmoney:lsjz-backfill
160716,,,2017-01-19,1.2364,1.2364,eastmoney:lsjz-backfill
160716,,,2017-01-20,1.2417,1.2417,eastmoney:lsjz-backfill
160716,,,2017-01-23,1.2417,1.2417,eastmoney:lsjz-backfill
160716,,,2017-01-24,1.2486,1.2486,eastmoney:lsjz-backfill
160716,,,2017-01-25,1.254,1.254,eastmoney:lsjz-backfill
160716,,,2017-01-26,1.2565,1.2565,eastmoney:lsjz-backfill
160716,,,2017-02-03,1.2444,1.2444,eastmoney:lsjz-backfill
160716,,,2017-02-06,1.2459,1.2459,eastmoney:lsjz-backfill
160716,,,2017-02-07,1.2426,1.2426,eastmoney:lsjz-backfill
160716,,,2017-02-08,1.2466,1.2466,eastmoney:lsjz-backfill
160716,,,2017-02-09,1.2526,1.2526,eastmoney:lsjz-backfill
160716,,,2017-02-10,1.2623,1.2623,eastmoney:lsjz-backfill
160716,,,2017-02-13,1.2687,1.2687,eastmoney:lsjz-backfill
160716,,,2017-02-14,1.2696,1.2696,eastmoney:lsjz-backfill
160716,,,2017-02-15,1.2713,1.2713,eastmoney:lsjz-backfill
160716,,,2017-02-16,1.2748,1.2748,eastmoney:lsjz-backfill
160716,,,2017-02-17,1.2637,1.2637,eastmoney:lsjz-backfill
160716,,,2017-02-20,1.2827,1.2827,eastmoney:lsjz-backfill
160716,,,2017-02-21,1.2839,1.2839,eastmoney:lsjz-backfill
160716,,,2017-02-22,1.2867,1.2867,eastmoney:lsjz-backfill
160716,,,2017-02-23,1.2803,1.2803,eastmoney:lsjz-backfill
160716,,,2017-02-24,1.2812,1.2812,eastmoney:lsjz-backfill
160716,,,2017-02-27,1.2701,1.2701,eastmoney:lsjz-backfill
160716,,,2017-02-28,1.2717,1.2717,eastmoney:lsjz-backfill
160716,,,2017-03-01,1.2734,1.2734,eastmoney:lsjz-backfill
160716,,,2017-03-02,1.264,1.264,eastmoney:lsjz-backfill
160716,,,2017-03-03,1.2597,1.2597,eastmoney:lsjz-backfill
160716,,,2017-03-06,1.2612,1.2612,eastmoney:lsjz-backfill
160716,,,2017-03-07,1.2629,1.2629,eastmoney:lsjz-backfill
160716,,,2017-03-08,1.2683,1.2683,eastmoney:lsjz-backfill
160716,,,2017-03-09,1.2621,1.2621,eastmoney:lsjz-backfill
160716,,,2017-03-10,1.2609,1.2609,eastmoney:lsjz-backfill
160716,,,2017-03-13,1.2661,1.2661,eastmoney:lsjz-backfill
160716,,,2017-03-14,1.2682,1.2682,eastmoney:lsjz-backfill
160716,,,2017-03-15,1.2714,1.2714,eastmoney:lsjz-backfill
160716,,,2017-03-16,1.2749,1.2749,eastmoney:lsjz-backfill
160716,,,2017-03-17,1.2638,1.2638,eastmoney:lsjz-backfill
160716,,,2017-03-20,1.2681,1.2681,eastmoney:lsjz-backfill
160716,,,2017-03-21,1.2745,1.2745,eastmoney:lsjz-backfill
160716,,,2017-03-22,1.2664,1.2664,eastmoney:lsjz-backfill
160716,,,2017-03-23,1.2711,1.2711,eastmoney:lsjz-backfill
160716,,,2017-03-24,1.2834,1.2834,eastmoney:lsjz-backfill
160716,,,2017-03-27,1.2794,1.2794,eastmoney:lsjz-backfill
160716,,,2017-03-28,1.276,1.276,eastmoney:lsjz-backfill
160716,,,2017-03-29,1.2761,1.2761,eastmoney:lsjz-backfill
160716,,,2017-03-30,1.2713,1.2713,eastmoney:lsjz-backfill
160716,,,2017-03-31,1.2801,1.2801,eastmoney:lsjz-backfill
160716,,,2017-04-05,1.294,1.294,eastmoney:lsjz-backfill
160716,,,2017-04-06,1.304,1.304,eastmoney:lsjz-backfill
160716,,,2017-04-07,1.3026,1.3026,eastmoney:lsjz-backfill
160716,,,2017-04-10,1.3005,1.3005,eastmoney:lsjz-backfill
160716,,,2017-04-11,1.3026,1.3026,eastmoney:lsjz-backfill
160716,,,2017-04-12,1.2988,1.2988,eastmoney:lsjz-backfill
160716,,,2017-04-13,1.2953,1.2953,eastmoney:lsjz-backfill
160716,,,2017-04-14,1.2874,1.2874,eastmoney:lsjz-backfill
160716,,,2017-04-17,1.2891,1.2891,eastmoney:lsjz-backfill
160716,,,2017-04-18,1.2816,1.2816,eastmoney:lsjz-backfill
160716,,,2017-04-19,1.2759,1.2759,eastmoney:lsjz-backfill
160716,,,2017-04-20,1.2805,1.2805,eastmoney:lsjz-backfill
160716,,,2017-04-21,1.288,1.288,eastmoney:lsjz-backfill
160716,,,2017-04-24,1.2737,1.2737,eastmoney:lsjz-backfill
160716,,,2017-04-25,1.277,1.277,eastmoney:lsjz-backfill
160716,,,2017-04-26,1.2754,1.2754,eastmoney:lsjz-backfill
160716,,,2017-04-27,1.2774,1.2774,eastmoney:lsjz-backfill
160716,,,2017-04-28,1.2767,1.2767,eastmoney:lsjz-backfill
160716,,,2017-05-02,1.2719,1.2719,eastmoney:lsjz-backfill
160716,,,2017-05-03,1.2653,1.2653,eastmoney:lsjz-backfill
160716,,,2017-05-04,1.2654,1.2654,eastmoney:lsjz-backfill
160716,,,2017-05-05,1.264,1.264,eastmoney:lsjz-backfill
160716,,,2017-05-08,1.2634,1.2634,eastmoney:lsjz-backfill
160716,,,2017-05-09,1.2613,1.2613,eastmoney:lsjz-backfill
160716,,,2017-05-10,1.2618,1.2618,eastmoney:lsjz-backfill
160716,,,2017-05-11,1.2733,1.2733,eastmoney:lsjz-backfill
160716,,,2017-05-12,1.2895,1.2895,eastmoney:lsjz-backfill
160716,,,2017-05-15,1.2907,1.2907,eastmoney:lsjz-backfill
160716,,,2017-05-16,1.2901,1.2901,eastmoney:lsjz-backfill
160716,,,2017-05-17,1.2808,1.2808,eastmoney:lsjz-backfill
160716,,,2017-05-18,1.2761,1.2761,eastmoney:lsjz-backfill
160716,,,2017-05-19,1.2797,1.2797,eastmoney:lsjz-backfill
160716,,,2017-05-22,1.2877,1.2877,eastmoney:lsjz-backfill
160716,,,2017-05-23,1.3025,1.3025,eastmoney:lsjz-backfill
160716,,,2017-05-24,1.3004,1.3004,eastmoney:lsjz-backfill
160716,,,2017-05-25,1.3287,1.3287,eastmoney:lsjz-backfill
160716,,,2017-05-26,1.3306,1.3306,eastmoney:lsjz-backfill
160716,,,2017-05-31,1.3359,1.3359,eastmoney:lsjz-backfill
160716,,,2017-06-01,1.3429,1.3429,eastmoney:lsjz-backfill
160716,,,2017-06-02,1.337,1.337,eastmoney:lsjz-backfill
160716,,,2017-06-05,1.3234,1.3234,eastmoney:lsjz-backfill
160716,,,2017-06-06,1.3315,1.3315,eastmoney:lsjz-backfill
160716,,,2017-06-07,1.3421,1.3421,eastmoney:lsjz-backfill
160716,,,2017-06-08,1.3517,1.3517,eastmoney:lsjz-backfill
160716,,,2017-06-09,1.359,1.359,eastmoney:lsjz-backfill
160716,,,2017-06-12,1.3599,1.3599,eastmoney:lsjz-backfill
160716,,,2017-06-13,1.3595,1.3595,eastmoney:lsjz-backfill
160716,,,2017-06-14,1.3432,1.3432,eastmoney:lsjz-backfill
160716,,,2017-06-15,1.3364,1.3364,eastmoney:lsjz-backfill
160716,,,2017-06-16,1.3323,1.3323,eastmoney:lsjz-backfill
160716,,,2017-06-19,1.3456,1.3456,eastmoney:lsjz-backfill
160716,,,2017-06-20,1.3429,1.3429,eastmoney:lsjz-backfill
160716,,,2017-06-21,1.3546,1.3546,eastmoney:lsjz-backfill
160716,,,2017-06-22,1.3657,1.3657,eastmoney:lsjz-backfill
160716,,,2017-06-23,1.3785,1.3785,eastmoney:lsjz-backfill
160716,,,2017-06-26,1.3885,1.3885,eastmoney:lsjz-backfill
160716,,,2017-06-27,1.3936,1.3936,eastmoney:lsjz-backfill
160716,,,2017-06-28,1.3875,1.3875,eastmoney:lsjz-backfill
160716,,,2017-06-29,1.3951,1.3951,eastmoney:lsjz-backfill
160716,,,2017-06-30,1.3949,1.3949,eastmoney:lsjz-backfill
160716,,,2017-07-03,1.389,1.389,eastmoney:lsjz-backfill
160716,,,2017-07-04,1.3786,1.3786,eastmoney:lsjz-backfill
160716,,,2017-07-05,1.3951,1.3951,eastmoney:lsjz-backfill
160716,,,2017-07-06,1.3989,1.3989,eastmoney:lsjz-backfill
160716,,,2017-07-07,1.3966,1.3966,eastmoney:lsjz-backfill
160716,,,2017-07-10,1.4009,1.4009,eastmoney:lsjz-backfill
160716,,,2017-07-11,1.4176,1.4176,eastmoney:lsjz-backfill
160716,,,2017-07-12,1.4183,1.4183,eastmoney:lsjz-backfill
160716,,,2017-07-13,1.4357,1.4357,eastmoney:lsjz-backfill
160716,,,2017-07-14,1.4491,1.4491,eastmoney:lsjz-backfill
160716,,,2017-07-17,1.4554,1.4554,eastmoney:lsjz-backfill
160716,,,2017-07-18,1.4552,1.4552,eastmoney:lsjz-backfill
160716,,,2017-07-19,1.4664,1.4664,eastmoney:lsjz-backfill
160716,,,2017-07-20,1.4711,1.4711,eastmoney:lsjz-backfill
160716,,,2017-07-21,1.4609,1.4609,eastmoney:lsjz-backfill
160716,,,2017-07-24,1.4661,1.4661,eastmoney:lsjz-backfill
160716,,,2017-07-25,1.4624,1.4624,eastmoney:lsjz-backfill
160716,,,2017-07-26,1.4579,1.4579,eastmoney:lsjz-backfill
160716,,,2017-07-27,1.453,1.453,eastmoney:lsjz-backfill
160716,,,2017-07-28,1.4566,1.4566,eastmoney:lsjz-backfill
160716,,,2017-07-31,1.4556,1.4556,eastmoney:lsjz-backfill
160716,,,2017-08-01,1.4736,1.4736,eastmoney:lsjz-backfill
160716,,,2017-08-02,1.4717,1.4717,eastmoney:lsjz-backfill
160716,,,2017-08-03,1.4537,1.4537,eastmoney:lsjz-backfill
160716,,,2017-08-04,1.4467,1.4467,eastmoney:lsjz-backfill
160716,,,2017-08-07,1.4502,1.4502,eastmoney:lsjz-backfill
160716,,,2017-08-08,1.4497,1.4497,eastmoney:lsjz-backfill
160716,,,2017-08-09,1.4398,1.4398,eastmoney:lsjz-backfill
160716,,,2017-08-10,1.4348,1.4348,eastmoney:lsjz-backfill
160716,,,2017-08-11,1.4134,1.4134,eastmoney:lsjz-backfill
160716,,,2017-08-14,1.419,1.419,eastmoney:lsjz-backfill
160716,,,2017-08-15,1.4273,1.4273,eastmoney:lsjz-backfill
160716,,,2017-08-16,1.4214,1.4214,eastmoney:lsjz-backfill
160716,,,2017-08-17,1.4289,1.4289,eastmoney:lsjz-backfill
160716,,,2017-08-18,1.4333,1.4333,eastmoney:lsjz-backfill
160716,,,2017-08-21,1.4429,1.4429,eastmoney:lsjz-backfill
160716,,,2017-08-22,1.4586,1.4586,eastmoney:lsjz-backfill
160716,,,2017-08-23,1.4663,1.4663,eastmoney:lsjz-backfill
160716,,,2017-08-24,1.4633,1.4633,eastmoney:lsjz-backfill
160716,,,2017-08-25,1.4944,1.4944,eastmoney:lsjz-backfill
160716,,,2017-08-28,1.503,1.503,eastmoney:lsjz-backfill
160716,,,2017-08-29,1.5051,1.5051,eastmoney:lsjz-backfill
160716,,,2017-08-30,1.4993,1.4993,eastmoney:lsjz-backfill
160716,,,2017-08-31,1.4858,1.4858,eastmoney:lsjz-backfill
160716,,,2017-09-01,1.4802,1.4802,eastmoney:lsjz-backfill
160716,,,2017-09-04,1.4829,1.4829,eastmoney:lsjz-backfill
160716,,,2017-09-05,1.4905,1.4905,eastmoney:lsjz-backfill
160716,,,2017-09-06,1.4866,1.4866,eastmoney:lsjz-backfill
160716,,,2017-09-07,1.4798,1.4798,eastmoney:lsjz-backfill
160716,,,2017-09-08,1.4754,1.4754,eastmoney:lsjz-backfill
160716,,,2017-09-11,1.4704,1.4704,eastmoney:lsjz-backfill
160716,,,2017-09-12,1.4756,1.4756,eastmoney:lsjz-backfill
160716,,,2017-09-13,1.474,1.474,eastmoney:lsjz-backfill
160716,,,2017-09-14,1.4696,1.4696,eastmoney:lsjz-backfill
160716,,,2017-09-15,1.469,1.469,eastmoney:lsjz-backfill
160716,,,2017-09-18,1.4676,1.4676,eastmoney:lsjz-backfill
160716,,,2017-09-19,1.4678,1.4678,eastmoney:lsjz-backfill
160716,,,2017-09-20,1.466,1.466,eastmoney:lsjz-backfill
160716,,,2017-09-21,1.4736,1.4736,eastmoney:lsjz-backfill
160716,,,2017-09-22,1.4761,1.4761,eastmoney:lsjz-backfill
160716,,,2017-09-25,1.4732,1.4732,eastmoney:lsjz-backfill
160716,,,2017-09-26,1.473,1.473,eastmoney:lsjz-backfill
160716,,,2017-09-27,1.4678,1.4678,eastmoney:lsjz-backfill
160716,,,2017-09-28,1.4629,1.4629,eastmoney:lsjz-backfill
160716,,,2017-09-29,1.464,1.464,eastmoney:lsjz-backfill
160716,,,2017-10-09,1.4772,1.4772,eastmoney:lsjz-backfill
160716,,,2017-10-10,1.4796,1.4796,eastmoney:lsjz-backfill
160716,,,2017-10-11,1.4868,1.4868,eastmoney:lsjz-backfill
160716,,,2017-10-12,1.4907,1.4907,eastmoney:lsjz-backfill
160716,,,2017-10-13,1.4867,1.4867,eastmoney:lsjz-backfill
160716,,,2017-10-16,1.4914,1.4914,eastmoney:lsjz-backfill
160716,,,2017-10-17,1.4904,1.4904,eastmoney:lsjz-backfill
160716,,,2017-10-18,1.5045,1.5045,eastmoney:lsjz-backfill
160716,,,2017-10-19,1.5054,1.5054,eastmoney:lsjz-backfill
160716,,,2017-10-20,1.4981,1.4981,eastmoney:lsjz-backfill
160716,,,2017-10-23,1.493,1.493,eastmoney:lsjz-backfill
160716,,,2017-10-24,1.5069,1.5069,eastmoney:lsjz-backfill
160716,,,2017-10-25,1.5083,1.5083,eastmoney:lsjz-backfill
160716,,,2017-10-26,1.5107,1.5107,eastmoney:lsjz-backfill
160716,,,2017-10-27,1.5287,1.5287,eastmoney:lsjz-backfill
160716,,,2017-10-30,1.5331,1.5331,eastmoney:lsjz-backfill
160716,,,2017-10-31,1.5229,1.5229,eastmoney:lsjz-backfill
160716,,,2017-11-01,1.5223,1.5223,eastmoney:lsjz-backfill
160716,,,2017-11-02,1.5245,1.5245,eastmoney:lsjz-backfill
160716,,,2017-11-03,1.5215,1.5215,eastmoney:lsjz-backfill
160716,,,2017-11-06,1.5152,1.5152,eastmoney:lsjz-backfill
160716,,,2017-11-07,1.5321,1.5321,eastmoney:lsjz-backfill
160716,,,2017-11-08,1.5309,1.5309,eastmoney:lsjz-backfill
160716,,,2017-11-09,1.5362,1.5362,eastmoney:lsjz-backfill
160716,,,2017-11-10,1.5411,1.5411,eastmoney:lsjz-backfill
160716,,,2017-11-13,1.5494,1.5494,eastmoney:lsjz-backfill
160716,,,2017-11-14,1.5457,1.5457,eastmoney:lsjz-backfill
160716,,,2017-11-15,1.542,1.542,eastmoney:lsjz-backfill
160716,,,2017-11-16,1.5483,1.5483,eastmoney:lsjz-backfill
160716,,,2017-11-17,1.5809,1.5809,eastmoney:lsjz-backfill
160716,,,2017-11-20,1.5889,1.5889,eastmoney:lsjz-backfill
160716,,,2017-11-21,1.6121,1.6121,eastmoney:lsjz-backfill
160716,,,2017-11-22,1.6351,1.6351,eastmoney:lsjz-backfill
160716,,,2017-11-23,1.6002,1.6002,eastmoney:lsjz-backfill
160716,,,2017-11-24,1.6005,1.6005,eastmoney:lsjz-backfill
160716,,,2017-11-27,1.587,1.587,eastmoney:lsjz-backfill
160716,,,2017-11-28,1.5731,1.5731,eastmoney:lsjz-backfill
160716,,,2017-11-29,1.5771,1.5771,eastmoney:lsjz-backfill
160716,,,2017-11-30,1.5623,1.5623,eastmoney:lsjz-backfill
160716,,,2017-12-01,1.5516,1.5516,eastmoney:lsjz-backfill
160716,,,2017-12-04,1.5592,1.5592,eastmoney:lsjz-backfill
160716,,,2017-12-05,1.5838,1.5838,eastmoney:lsjz-backfill
160716,,,2017-12-06,1.5649,1.5649,eastmoney:lsjz-backfill
160716,,,2017-12-07,1.5496,1.5496,eastmoney:lsjz-backfill
160716,,,2017-12-08,1.5534,1.5534,eastmoney:lsjz-backfill
160716,,,2017-12-11,1.5684,1.5684,eastmoney:lsjz-backfill
160716,,,2017-12-12,1.5455,1.5455,eastmoney:lsjz-backfill
160716,,,2017-12-13,1.5564,1.5564,eastmoney:lsjz-backfill
160716,,,2017-12-14,1.547,1.547,eastmoney:lsjz-backfill
160716,,,2017-12-15,1.5299,1.5299,eastmoney:lsjz-backfill
160716,,,2017-12-18,1.5361,1.5361,eastmoney:lsjz-backfill
160716,,,2017-12-19,1.5577,1.5577,eastmoney:lsjz-backfill
160716,,,2017-12-20,1.5573,1.5573,eastmoney:lsjz-backfill
160716,,,2017-12-21,1.5663,1.5663,eastmoney:lsjz-backfill
160716,,,2017-12-22,1.561,1.561,eastmoney:lsjz-backfill
160716,,,2017-12-25,1.563,1.563,eastmoney:lsjz-backfill
160716,,,2017-12-26,1.5703,1.5703,eastmoney:lsjz-backfill
160716,,,2017-12-27,1.5476,1.5476,eastmoney:lsjz-backfill
160716,,,2017-12-28,1.5503,1.5503,eastmoney:lsjz-backfill
160716,,,2017-12-29,1.5547,1.5547,eastmoney:lsjz-backfill
160716,,,2017-12-31,1.5546,1.5546,eastmoney:lsjz-backfill
160716,,,2018-01-02,1.581,1.581,eastmoney:lsjz-backfill
160716,,,2018-01-03,1.5815,1.5815,eastmoney:lsjz-backfill
160716,,,2018-01-04,1.5862,1.5862,eastmoney:lsjz-backfill
160716,,,2018-01-05,1.5985,1.5985,eastmoney:lsjz-backfill
160716,,,2018-01-08,1.6035,1.6035,eastmoney:lsjz-backfill
160716,,,2018-01-09,1.608,1.608,eastmoney:lsjz-backfill
160716,,,2018-01-10,1.6297,1.6297,eastmoney:lsjz-backfill
160716,,,2018-01-11,1.6283,1.6283,eastmoney:lsjz-backfill
160716,,,2018-01-12,1.6404,1.6404,eastmoney:lsjz-backfill
160716,,,2018-01-15,1.6606,1.6606,eastmoney:lsjz-backfill
160716,,,2018-01-16,1.6675,1.6675,eastmoney:lsjz-backfill
160716,,,2018-01-17,1.6714,1.6714,eastmoney:lsjz-backfill
160716,,,2018-01-18,1.6945,1.6945,eastmoney:lsjz-backfill
160716,,,2018-01-19,1.7006,1.7006,eastmoney:lsjz-backfill
160716,,,2018-01-22,1.7086,1.7086,eastmoney:lsjz-backfill
160716,,,2018-01-23,1.7399,1.7399,eastmoney:lsjz-backfill
160716,,,2018-01-24,1.7423,1.7423,eastmoney:lsjz-backfill
160716,,,2018-01-25,1.7338,1.7338,eastmoney:lsjz-backfill
160716,,,2018-01-26,1.7441,1.7441,eastmoney:lsjz-backfill
160716,,,2018-01-29,1.7227,1.7227,eastmoney:lsjz-backfill
160716,,,2018-01-30,1.6916,1.6916,eastmoney:lsjz-backfill
160716,,,2018-01-31,1.7106,1.7106,eastmoney:lsjz-backfill
160716,,,2018-02-01,1.725,1.725,eastmoney:lsjz-backfill
160716,,,2018-02-02,1.7319,1.7319,eastmoney:lsjz-backfill
160716,,,2018-02-05,1.7566,1.7566,eastmoney:lsjz-backfill
160716,,,2018-02-06,1.7247,1.7247,eastmoney:lsjz-backfill
160716,,,2018-02-07,1.6731,1.6731,eastmoney:lsjz-backfill
160716,,,2018-02-08,1.6248,1.6248,eastmoney:lsjz-backfill
160716,,,2018-02-09,1.5591,1.5591,eastmoney:lsjz-backfill
160716,,,2018-02-12,1.5578,1.5578,eastmoney:lsjz-backfill
160716,,,2018-02-13,1.5813,1.5813,eastmoney:lsjz-backfill
160716,,,2018-02-14,1.5926,1.5926,eastmoney:lsjz-backfill
160716,,,2018-02-22,1.6215,1.6215,eastmoney:lsjz-backfill
160716,,,2018-02-23,1.6342,1.6342,eastmoney:lsjz-backfill
160716,,,2018-02-26,1.6401,1.6401,eastmoney:lsjz-backfill
160716,,,2018-02-27,1.609,1.609,eastmoney:lsjz-backfill
160716,,,2018-02-28,1.5857,1.5857,eastmoney:lsjz-backfill
160716,,,2018-03-01,1.5898,1.5898,eastmoney:lsjz-backfill
160716,,,2018-03-02,1.5817,1.5817,eastmoney:lsjz-backfill
160716,,,2018-03-05,1.5796,1.5796,eastmoney:lsjz-backfill
160716,,,2018-03-06,1.5923,1.5923,eastmoney:lsjz-backfill
160716,,,2018-03-07,1.5897,1.5897,eastmoney:lsjz-backfill
160716,,,2018-03-08,1.601,1.601,eastmoney:lsjz-backfill
160716,,,2018-03-09,1.6031,1.6031,eastmoney:lsjz-backfill
160716,,,2018-03-12,1.6021,1.6021,eastmoney:lsjz-backfill
160716,,,2018-03-13,1.5934,1.5934,eastmoney:lsjz-backfill
160716,,,2018-03-14,1.5866,1.5866,eastmoney:lsjz-backfill
160716,,,2018-03-15,1.5948,1.5948,eastmoney:lsjz-backfill
160716,,,2018-03-16,1.5819,1.5819,eastmoney:lsjz-backfill
160716,,,2018-03-19,1.5887,1.5887,eastmoney:lsjz-backfill
160716,,,2018-03-20,1.5926,1.5926,eastmoney:lsjz-backfill
160716,,,2018-03-21,1.5877,1.5877,eastmoney:lsjz-backfill
160716,,,2018-03-22,1.5745,1.5745,eastmoney:lsjz-backfill
160716,,,2018-03-23,1.5413,1.5413,eastmoney:lsjz-backfill
160716,,,2018-03-26,1.509,1.509,eastmoney:lsjz-backfill
160716,,,2018-03-27,1.5087,1.5087,eastmoney:lsjz-backfill
160716,,,2018-03-28,1.488,1.488,eastmoney:lsjz-backfill
160716,,,2018-03-29,1.5153,1.5153,eastmoney:lsjz-backfill
160716,,,2018-03-30,1.5043,1.5043,eastmoney:lsjz-backfill
160716,,,2018-04-02,1.4951,1.4951,eastmoney:lsjz-backfill
160716,,,2018-04-03,1.4858,1.4858,eastmoney:lsjz-backfill
160716,,,2018-04-04,1.4855,1.4855,eastmoney:lsjz-backfill
160716,,,2018-04-09,1.4879,1.4879,eastmoney:lsjz-backfill
160716,,,2018-04-10,1.5242,1.5242,eastmoney:lsjz-backfill
160716,,,2018-04-11,1.5307,1.5307,eastmoney:lsjz-backfill
160716,,,2018-04-12,1.5126,1.5126,eastmoney:lsjz-backfill
160716,,,2018-04-13,1.5016,1.5016,eastmoney:lsjz-backfill
160716,,,2018-04-16,1.4675,1.4675,eastmoney:lsjz-backfill
160716,,,2018-04-17,1.4544,1.4544,eastmoney:lsjz-backfill
160716,,,2018-04-18,1.4641,1.4641,eastmoney:lsjz-backfill
160716,,,2018-04-19,1.4796,1.4796,eastmoney:lsjz-backfill
160716,,,2018-04-20,1.4671,1.4671,eastmoney:lsjz-backfill
160716,,,2018-04-23,1.4764,1.4764,eastmoney:lsjz-backfill
160716,,,2018-04-24,1.5047,1.5047,eastmoney:lsjz-backfill
160716,,,2018-04-25,1.4915,1.4915,eastmoney:lsjz-backfill
160716,,,2018-04-26,1.4708,1.4708,eastmoney:lsjz-backfill
160716,,,2018-04-27,1.4704,1.4704,eastmoney:lsjz-backfill
160716,,,2018-05-02,1.4719,1.4719,eastmoney:lsjz-backfill
160716,,,2018-05-03,1.4762,1.4762,eastmoney:lsjz-backfill
160716,,,2018-05-04,1.4691,1.4691,eastmoney:lsjz-backfill
160716,,,2018-05-07,1.4846,1.4846,eastmoney:lsjz-backfill
160716,,,2018-05-08,1.5053,1.5053,eastmoney:lsjz-backfill
160716,,,2018-05-09,1.5042,1.5042,eastmoney:lsjz-backfill
160716,,,2018-05-10,1.5087,1.5087,eastmoney:lsjz-backfill
160716,,,2018-05-11,1.5067,1.5067,eastmoney:lsjz-backfill
160716,,,2018-05-14,1.519,1.519,eastmoney:lsjz-backfill
160716,,,2018-05-15,1.5174,1.5174,eastmoney:lsjz-backfill
160716,,,2018-05-16,1.499,1.499,eastmoney:lsjz-backfill
160716,,,2018-05-17,1.4915,1.4915,eastmoney:lsjz-backfill
160716,,,2018-05-18,1.5124,1.5124,eastmoney:lsjz-backfill
160716,,,2018-05-21,1.5139,1.5139,eastmoney:lsjz-backfill
160716,,,2018-05-22,1.5023,1.5023,eastmoney:lsjz-backfill
160716,,,2018-05-23,1.4826,1.4826,eastmoney:lsjz-backfill
160716,,,2018-05-24,1.4725,1.4725,eastmoney:lsjz-backfill
160716,,,2018-05-25,1.4725,1.4725,eastmoney:lsjz-backfill
160716,,,2018-05-28,1.4761,1.4761,eastmoney:lsjz-backfill
160716,,,2018-05-29,1.472,1.472,eastmoney:lsjz-backfill
160716,,,2018-05-30,1.4421,1.4421,eastmoney:lsjz-backfill
160716,,,2018-05-31,1.4669,1.4669,eastmoney:lsjz-backfill
160716,,,2018-06-01,1.4627,1.4627,eastmoney:lsjz-backfill
160716,,,2018-06-04,1.4846,1.4846,eastmoney:lsjz-backfill
160716,,,2018-06-05,1.4883,1.4883,eastmoney:lsjz-backfill
160716,,,2018-06-06,1.48,1.48,eastmoney:lsjz-backfill
160716,,,2018-06-07,1.484,1.484,eastmoney:lsjz-backfill
160716,,,2018-06-08,1.4651,1.4651,eastmoney:lsjz-backfill
160716,,,2018-06-11,1.4707,1.4707,eastmoney:lsjz-backfill
160716,,,2018-06-12,1.4817,1.4817,eastmoney:lsjz-backfill
160716,,,2018-06-13,1.476,1.476,eastmoney:lsjz-backfill
160716,,,2018-06-14,1.4768,1.4768,eastmoney:lsjz-backfill
160716,,,2018-06-15,1.4842,1.4842,eastmoney:lsjz-backfill
160716,,,2018-06-19,1.4582,1.4582,eastmoney:lsjz-backfill
160716,,,2018-06-20,1.4531,1.4531,eastmoney:lsjz-backfill
160716,,,2018-06-21,1.4467,1.4467,eastmoney:lsjz-backfill
160716,,,2018-06-22,1.4444,1.4444,eastmoney:lsjz-backfill
160716,,,2018-06-25,1.4201,1.4201,eastmoney:lsjz-backfill
160716,,,2018-06-26,1.4,1.4,eastmoney:lsjz-backfill
160716,,,2018-06-27,1.3799,1.3799,eastmoney:lsjz-backfill
160716,,,2018-06-28,1.3704,1.3704,eastmoney:lsjz-backfill
160716,,,2018-06-29,1.3948,1.3948,eastmoney:lsjz-backfill
160716,,,2018-06-30,1.3948,1.3948,eastmoney:lsjz-backfill
160716,,,2018-07-02,1.3439,1.3439,eastmoney:lsjz-backfill
160716,,,2018-07-03,1.3485,1.3485,eastmoney:lsjz-backfill
160716,,,2018-07-04,1.3389,1.3389,eastmoney:lsjz-backfill
160716,,,2018-07-05,1.3455,1.3455,eastmoney:lsjz-backfill
160716,,,2018-07-06,1.3556,1.3556,eastmoney:lsjz-backfill
160716,,,2018-07-09,1.3929,1.3929,eastmoney:lsjz-backfill
160716,,,2018-07-10,1.393,1.393,eastmoney:lsjz-backfill
160716,,,2018-07-11,1.3727,1.3727,eastmoney:lsjz-backfill
160716,,,2018-07-12,1.3969,1.3969,eastmoney:lsjz-backfill
160716,,,2018-07-13,1.3957,1.3957,eastmoney:lsjz-backfill
160716,,,2018-07-16,1.3809,1.3809,eastmoney:lsjz-backfill
160716,,,2018-07-17,1.3732,1.3732,eastmoney:lsjz-backfill
160716,,,2018-07-18,1.3692,1.3692,eastmoney:lsjz-backfill
160716,,,2018-07-19,1.3741,1.3741,eastmoney:lsjz-backfill
160716,,,2018-07-20,1.4122,1.4122,eastmoney:lsjz-backfill
160716,,,2018-07-23,1.4375,1.4375,eastmoney:lsjz-backfill
160716,,,2018-07-24,1.4596,1.4596,eastmoney:lsjz-backfill
160716,,,2018-07-25,1.4566,1.4566,eastmoney:lsjz-backfill
160716,,,2018-07-26,1.443,1.443,eastmoney:lsjz-backfill
160716,,,2018-07-27,1.4416,1.4416,eastmoney:lsjz-backfill
160716,,,2018-07-30,1.4569,1.4569,eastmoney:lsjz-backfill
160716,,,2018-07-31,1.4596,1.4596,eastmoney:lsjz-backfill
160716,,,2018-08-01,1.4299,1.4299,eastmoney:lsjz-backfill
160716,,,2018-08-02,1.4049,1.4049,eastmoney:lsjz-backfill
160716,,,2018-08-03,1.3932,1.3932,eastmoney:lsjz-backfill
160716,,,2018-08-06,1.393,1.393,eastmoney:lsjz-backfill
160716,,,2018-08-07,1.4335,1.4335,eastmoney:lsjz-backfill
160716,,,2018-08-08,1.4162,1.4162,eastmoney:lsjz-backfill
160716,,,2018-08-09,1.4403,1.4403,eastmoney:lsjz-backfill
160716,,,2018-08-10,1.4357,1.4357,eastmoney:lsjz-backfill
160716,,,2018-08-13,1.4219,1.4219,eastmoney:lsjz-backfill
160716,,,2018-08-14,1.4159,1.4159,eastmoney:lsjz-backfill
160716,,,2018-08-15,1.39,1.39,eastmoney:lsjz-backfill
160716,,,2018-08-16,1.3877,1.3877,eastmoney:lsjz-backfill
160716,,,2018-08-17,1.3748,1.3748,eastmoney:lsjz-backfill
160716,,,2018-08-20,1.3955,1.3955,eastmoney:lsjz-backfill
160716,,,2018-08-21,1.4128,1.4128,eastmoney:lsjz-backfill
160716,,,2018-08-22,1.4075,1.4075,eastmoney:lsjz-backfill
160716,,,2018-08-23,1.4111,1.4111,eastmoney:lsjz-backfill
160716,,,2018-08-24,1.4223,1.4223,eastmoney:lsjz-backfill
160716,,,2018-08-27,1.4467,1.4467,eastmoney:lsjz-backfill
160716,,,2018-08-28,1.4431,1.4431,eastmoney:lsjz-backfill
160716,,,2018-08-29,1.4378,1.4378,eastmoney:lsjz-backfill
160716,,,2018-08-30,1.4235,1.4235,eastmoney:lsjz-backfill
160716,,,2018-08-31,1.4296,1.4296,eastmoney:lsjz-backfill
160716,,,2018-09-03,1.424,1.424,eastmoney:lsjz-backfill
160716,,,2018-09-04,1.4409,1.4409,eastmoney:lsjz-backfill
160716,,,2018-09-05,1.4094,1.4094,eastmoney:lsjz-backfill
160716,,,2018-09-06,1.4006,1.4006,eastmoney:lsjz-backfill
160716,,,2018-09-07,1.4074,1.4074,eastmoney:lsjz-backfill
160716,,,2018-09-10,1.3998,1.3998,eastmoney:lsjz-backfill
160716,,,2018-09-11,1.3927,1.3927,eastmoney:lsjz-backfill
160716,,,2018-09-12,1.3888,1.3888,eastmoney:lsjz-backfill
160716,,,2018-09-13,1.4083,1.4083,eastmoney:lsjz-backfill
160716,,,2018-09-14,1.4117,1.4117,eastmoney:lsjz-backfill
160716,,,2018-09-17,1.3991,1.3991,eastmoney:lsjz-backfill
160716,,,2018-09-18,1.429,1.429,eastmoney:lsjz-backfill
160716,,,2018-09-19,1.4418,1.4418,eastmoney:lsjz-backfill
160716,,,2018-09-20,1.442,1.442,eastmoney:lsjz-backfill
160716,,,2018-09-21,1.4883,1.4883,eastmoney:lsjz-backfill
160716,,,2018-09-25,1.4721,1.4721,eastmoney:lsjz-backfill
160716,,,2018-09-26,1.4845,1.4845,eastmoney:lsjz-backfill
160716,,,2018-09-27,1.4846,1.4846,eastmoney:lsjz-backfill
160716,,,2018-09-28,1.5009,1.5009,eastmoney:lsjz-backfill
160716,,,2018-10-08,1.441,1.441,eastmoney:lsjz-backfill
160716,,,2018-10-09,1.4416,1.4416,eastmoney:lsjz-backfill
160716,,,2018-10-10,1.4472,1.4472,eastmoney:lsjz-backfill
160716,,,2018-10-11,1.392,1.392,eastmoney:lsjz-backfill
160716,,,2018-10-12,1.4196,1.4196,eastmoney:lsjz-backfill
160716,,,2018-10-15,1.4002,1.4002,eastmoney:lsjz-backfill
160716,,,2018-10-16,1.4014,1.4014,eastmoney:lsjz-backfill
160716,,,2018-10-17,1.414,1.414,eastmoney:lsjz-backfill
160716,,,2018-10-18,1.381,1.381,eastmoney:lsjz-backfill
160716,,,2018-10-19,1.4209,1.4209,eastmoney:lsjz-backfill
160716,,,2018-10-22,1.4641,1.4641,eastmoney:lsjz-backfill
160716,,,2018-10-23,1.4291,1.4291,eastmoney:lsjz-backfill
160716,,,2018-10-24,1.4417,1.4417,eastmoney:lsjz-backfill
160716,,,2018-10-25,1.4507,1.4507,eastmoney:lsjz-backfill
160716,,,2018-10-26,1.4473,1.4473,eastmoney:lsjz-backfill
160716,,,2018-10-29,1.4151,1.4151,eastmoney:lsjz-backfill
160716,,,2018-10-30,1.4305,1.4305,eastmoney:lsjz-backfill
160716,,,2018-10-31,1.445,1.445,eastmoney:lsjz-backfill
160716,,,2018-11-01,1.4433,1.4433,eastmoney:lsjz-backfill
160716,,,2018-11-02,1.475,1.475,eastmoney:lsjz-backfill
160716,,,2018-11-05,1.4617,1.4617,eastmoney:lsjz-backfill
160716,,,2018-11-06,1.4552,1.4552,eastmoney:lsjz-backfill
160716,,,2018-11-07,1.4469,1.4469,eastmoney:lsjz-backfill
160716,,,2018-11-08,1.4503,1.4503,eastmoney:lsjz-backfill
160716,,,2018-11-09,1.4196,1.4196,eastmoney:lsjz-backfill
160716,,,2018-11-12,1.4272,1.4272,eastmoney:lsjz-backfill
160716,,,2018-11-13,1.433,1.433,eastmoney:lsjz-backfill
160716,,,2018-11-14,1.4169,1.4169,eastmoney:lsjz-backfill
160716,,,2018-11-15,1.4306,1.4306,eastmoney:lsjz-backfill
160716,,,2018-11-16,1.4325,1.4325,eastmoney:lsjz-backfill
160716,,,2018-11-19,1.4487,1.4487,eastmoney:lsjz-backfill
160716,,,2018-11-20,1.4262,1.4262,eastmoney:lsjz-backfill
160716,,,2018-11-21,1.4266,1.4266,eastmoney:lsjz-backfill
160716,,,2018-11-22,1.42,1.42,eastmoney:lsjz-backfill
160716,,,2018-11-23,1.4008,1.4008,eastmoney:lsjz-backfill
160716,,,2018-11-26,1.402,1.402,eastmoney:lsjz-backfill
160716,,,2018-11-27,1.3979,1.3979,eastmoney:lsjz-backfill
160716,,,2018-11-28,1.4104,1.4104,eastmoney:lsjz-backfill
160716,,,2018-11-29,1.4005,1.4005,eastmoney:lsjz-backfill
160716,,,2018-11-30,1.413,1.413,eastmoney:lsjz-backfill
160716,,,2018-12-03,1.4397,1.4397,eastmoney:lsjz-backfill
160716,,,2018-12-04,1.4437,1.4437,eastmoney:lsjz-backfill
160716,,,2018-12-05,1.4343,1.4343,eastmoney:lsjz-backfill
160716,,,2018-12-06,1.4148,1.4148,eastmoney:lsjz-backfill
160716,,,2018-12-07,1.4186,1.4186,eastmoney:lsjz-backfill
160716,,,2018-12-10,1.4075,1.4075,eastmoney:lsjz-backfill
160716,,,2018-12-11,1.4088,1.4088,eastmoney:lsjz-backfill
160716,,,2018-12-12,1.4147,1.4147,eastmoney:lsjz-backfill
160716,,,2018-12-13,1.4358,1.4358,eastmoney:lsjz-backfill
160716,,,2018-12-14,1.4193,1.4193,eastmoney:lsjz-backfill
160716,,,2018-12-17,1.4248,1.4248,eastmoney:lsjz-backfill
160716,,,2018-12-18,1.4083,1.4083,eastmoney:lsjz-backfill
160716,,,2018-12-19,1.3982,1.3982,eastmoney:lsjz-backfill
160716,,,2018-12-20,1.3776,1.3776,eastmoney:lsjz-backfill
160716,,,2018-12-21,1.3665,1.3665,eastmoney:lsjz-backfill
160716,,,2018-12-24,1.3638,1.3638,eastmoney:lsjz-backfill
160716,,,2018-12-25,1.3549,1.3549,eastmoney:lsjz-backfill
160716,,,2018-12-26,1.3505,1.3505,eastmoney:lsjz-backfill
160716,,,2018-12-27,1.3477,1.3477,eastmoney:lsjz-backfill
160716,,,2018-12-28,1.3559,1.3559,eastmoney:lsjz-backfill
160716,,,2018-12-31,1.3558,1.3558,eastmoney:lsjz-backfill
160716,,,2019-01-02,1.3366,1.3366,eastmoney:lsjz-backfill
160716,,,2019-01-03,1.3425,1.3425,eastmoney:lsjz-backfill
160716,,,2019-01-04,1.3652,1.3652,eastmoney:lsjz-backfill
160716,,,2019-01-07,1.3652,1.3652,eastmoney:lsjz-backfill
160716,,,2019-01-08,1.362,1.362,eastmoney:lsjz-backfill
160716,,,2019-01-09,1.3738,1.3738,eastmoney:lsjz-backfill
160716,,,2019-01-10,1.3692,1.3692,eastmoney:lsjz-backfill
160716,,,2019-01-11,1.3792,1.3792,eastmoney:lsjz-backfill
160716,,,2019-01-14,1.3684,1.3684,eastmoney:lsjz-backfill
160716,,,2019-01-15,1.3863,1.3863,eastmoney:lsjz-backfill
160716,,,2019-01-16,1.3898,1.3898,eastmoney:lsjz-backfill
160716,,,2019-01-17,1.3829,1.3829,eastmoney:lsjz-backfill
160716,,,2019-01-18,1.4073,1.4073,eastmoney:lsjz-backfill
160716,,,2019-01-21,1.4139,1.4139,eastmoney:lsjz-backfill
160716,,,2019-01-22,1.3989,1.3989,eastmoney:lsjz-backfill
160716,,,2019-01-23,1.3989,1.3989,eastmoney:lsjz-backfill
160716,,,2019-01-24,1.4043,1.4043,eastmoney:lsjz-backfill
160716,,,2019-01-25,1.4213,1.4213,eastmoney:lsjz-backfill
160716,,,2019-01-28,1.4223,1.4223,eastmoney:lsjz-backfill
160716,,,2019-01-29,1.4338,1.4338,eastmoney:lsjz-backfill
160716,,,2019-01-30,1.4245,1.4245,eastmoney:lsjz-backfill
160716,,,2019-01-31,1.4471,1.4471,eastmoney:lsjz-backfill
160716,,,2019-02-01,1.4515,1.4515,eastmoney:lsjz-backfill
160716,,,2019-02-11,1.4585,1.4585,eastmoney:lsjz-backfill
160716,,,2019-02-12,1.4608,1.4608,eastmoney:lsjz-backfill
160716,,,2019-02-13,1.4832,1.4832,eastmoney:lsjz-backfill
160716,,,2019-02-14,1.4772,1.4772,eastmoney:lsjz-backfill
160716,,,2019-02-15,1.4475,1.4475,eastmoney:lsjz-backfill
160716,,,2019-02-18,1.479,1.479,eastmoney:lsjz-backfill
160716,,,2019-02-19,1.4768,1.4768,eastmoney:lsjz-backfill
160716,,,2019-02-20,1.4838,1.4838,eastmoney:lsjz-backfill
160716,,,2019-02-21,1.4749,1.4749,eastmoney:lsjz-backfill
160716,,,2019-02-22,1.4916,1.4916,eastmoney:lsjz-backfill
160716,,,2019-02-25,1.5763,1.5763,eastmoney:lsjz-backfill
160716,,,2019-02-26,1.5514,1.5514,eastmoney:lsjz-backfill
160716,,,2019-02-27,1.5602,1.5602,eastmoney:lsjz-backfill
160716,,,2019-02-28,1.552,1.552,eastmoney:lsjz-backfill
160716,,,2019-03-01,1.5886,1.5886,eastmoney:lsjz-backfill
160716,,,2019-03-04,1.6003,1.6003,eastmoney:lsjz-backfill
160716,,,2019-03-05,1.6017,1.6017,eastmoney:lsjz-backfill
160716,,,2019-03-06,1.6099,1.6099,eastmoney:lsjz-backfill
160716,,,2019-03-07,1.5841,1.5841,eastmoney:lsjz-backfill
160716,,,2019-03-08,1.5256,1.5256,eastmoney:lsjz-backfill
160716,,,2019-03-11,1.5371,1.5371,eastmoney:lsjz-backfill
160716,,,2019-03-12,1.5466,1.5466,eastmoney:lsjz-backfill
160716,,,2019-03-13,1.5443,1.5443,eastmoney:lsjz-backfill
160716,,,2019-03-14,1.5428,1.5428,eastmoney:lsjz-backfill
160716,,,2019-03-15,1.5544,1.5544,eastmoney:lsjz-backfill
160716,,,2019-03-18,1.5888,1.5888,eastmoney:lsjz-backfill
160716,,,2019-03-19,1.5809,1.5809,eastmoney:lsjz-backfill
160716,,,2019-03-20,1.5811,1.5811,eastmoney:lsjz-backfill
160716,,,2019-03-21,1.574,1.574,eastmoney:lsjz-backfill
160716,,,2019-03-22,1.5694,1.5694,eastmoney:lsjz-backfill
160716,,,2019-03-25,1.5292,1.5292,eastmoney:lsjz-backfill
160716,,,2019-03-26,1.521,1.521,eastmoney:lsjz-backfill
160716,,,2019-03-27,1.533,1.533,eastmoney:lsjz-backfill
160716,,,2019-03-28,1.5236,1.5236,eastmoney:lsjz-backfill
160716,,,2019-03-29,1.5703,1.5703,eastmoney:lsjz-backfill
160716,,,2019-04-01,1.6008,1.6008,eastmoney:lsjz-backfill
160716,,,2019-04-02,1.5991,1.5991,eastmoney:lsjz-backfill
160716,,,2019-04-03,1.6173,1.6173,eastmoney:lsjz-backfill
160716,,,2019-04-04,1.6342,1.6342,eastmoney:lsjz-backfill
160716,,,2019-04-08,1.6391,1.6391,eastmoney:lsjz-backfill
160716,,,2019-04-09,1.6404,1.6404,eastmoney:lsjz-backfill
160716,,,2019-04-10,1.6429,1.6429,eastmoney:lsjz-backfill
160716,,,2019-04-11,1.6206,1.6206,eastmoney:lsjz-backfill
160716,,,2019-04-12,1.6187,1.6187,eastmoney:lsjz-backfill
160716,,,2019-04-15,1.6247,1.6247,eastmoney:lsjz-backfill
160716,,,2019-04-16,1.6746,1.6746,eastmoney:lsjz-backfill
160716,,,2019-04-17,1.6685,1.6685,eastmoney:lsjz-backfill
160716,,,2019-04-18,1.6621,1.6621,eastmoney:lsjz-backfill
160716,,,2019-04-19,1.6836,1.6836,eastmoney:lsjz-backfill
160716,,,2019-04-22,1.6415,1.6415,eastmoney:lsjz-backfill
160716,,,2019-04-23,1.6401,1.6401,eastmoney:lsjz-backfill
160716,,,2019-04-24,1.6389,1.6389,eastmoney:lsjz-backfill
160716,,,2019-04-25,1.612,1.612,eastmoney:lsjz-backfill
160716,,,2019-04-26,1.5896,1.5896,eastmoney:lsjz-backfill
160716,,,2019-04-29,1.6095,1.6095,eastmoney:lsjz-backfill
160716,,,2019-04-30,1.6136,1.6136,eastmoney:lsjz-backfill
160716,,,2019-05-06,1.5465,1.5465,eastmoney:lsjz-backfill
160716,,,2019-05-07,1.55,1.55,eastmoney:lsjz-backfill
160716,,,2019-05-08,1.5256,1.5256,eastmoney:lsjz-backfill
160716,,,2019-05-09,1.5009,1.5009,eastmoney:lsjz-backfill
160716,,,2019-05-10,1.5403,1.5403,eastmoney:lsjz-backfill
160716,,,2019-05-13,1.5169,1.5169,eastmoney:lsjz-backfill
160716,,,2019-05-14,1.5098,1.5098,eastmoney:lsjz-backfill
160716,,,2019-05-15,1.5341,1.5341,eastmoney:lsjz-backfill
160716,,,2019-05-16,1.5375,1.5375,eastmoney:lsjz-backfill
160716,,,2019-05-17,1.5127,1.5127,eastmoney:lsjz-backfill
160716,,,2019-05-20,1.5088,1.5088,eastmoney:lsjz-backfill
160716,,,2019-05-21,1.5192,1.5192,eastmoney:lsjz-backfill
160716,,,2019-05-22,1.5107,1.5107,eastmoney:lsjz-backfill
160716,,,2019-05-23,1.4949,1.4949,eastmoney:lsjz-backfill
160716,,,2019-05-24,1.5022,1.5022,eastmoney:lsjz-backfill
160716,,,2019-05-27,1.5108,1.5108,eastmoney:lsjz-backfill
160716,,,2019-05-28,1.525,1.525,eastmoney:lsjz-backfill
160716,,,2019-05-29,1.5194,1.5194,eastmoney:lsjz-backfill
160716,,,2019-05-30,1.5159,1.5159,eastmoney:lsjz-backfill
160716,,,2019-05-31,1.5104,1.5104,eastmoney:lsjz-backfill
160716,,,2019-06-03,1.5178,1.5178,eastmoney:lsjz-backfill
160716,,,2019-06-04,1.5117,1.5117,eastmoney:lsjz-backfill
160716,,,2019-06-05,1.5182,1.5182,eastmoney:lsjz-backfill
160716,,,2019-06-06,1.5147,1.5147,eastmoney:lsjz-backfill
160716,,,2019-06-10,1.5328,1.5328,eastmoney:lsjz-backfill
160716,,,2019-06-11,1.5623,1.5623,eastmoney:lsjz-backfill
160716,,,2019-06-12,1.5547,1.5547,eastmoney:lsjz-backfill
160716,,,2019-06-13,1.5496,1.5496,eastmoney:lsjz-backfill
160716,,,2019-06-14,1.5437,1.5437,eastmoney:lsjz-backfill
160716,,,2019-06-18,1.5506,1.5506,eastmoney:lsjz-backfill
160716,,,2019-06-19,1.5685,1.5685,eastmoney:lsjz-backfill
160716,,,2019-06-20,1.6071,1.6071,eastmoney:lsjz-backfill
160716,,,2019-06-21,1.6021,1.6021,eastmoney:lsjz-backfill
160716,,,2019-06-24,1.6058,1.6058,eastmoney:lsjz-backfill
160716,,,2019-06-25,1.5845,1.5845,eastmoney:lsjz-backfill
160716,,,2019-06-26,1.5841,1.5841,eastmoney:lsjz-backfill
160716,,,2019-06-27,1.5952,1.5952,eastmoney:lsjz-backfill
160716,,,2019-06-28,1.5926,1.5926,eastmoney:lsjz-backfill
160716,,,2019-06-30,1.5925,1.5925,eastmoney:lsjz-backfill
160716,,,2019-07-01,1.6224,1.6224,eastmoney:lsjz-backfill
160716,,,2019-07-02,1.6233,1.6233,eastmoney:lsjz-backfill
160716,,,2019-07-03,1.6181,1.6181,eastmoney:lsjz-backfill
160716,,,2019-07-04,1.6196,1.6196,eastmoney:lsjz-backfill
160716,,,2019-07-05,1.622,1.622,eastmoney:lsjz-backfill
160716,,,2019-07-08,1.5899,1.5899,eastmoney:lsjz-backfill
160716,,,2019-07-09,1.5827,1.5827,eastmoney:lsjz-backfill
160716,,,2019-07-10,1.5781,1.5781,eastmoney:lsjz-backfill
160716,,,2019-07-11,1.5813,1.5813,eastmoney:lsjz-backfill
160716,,,2019-07-12,1.5945,1.5945,eastmoney:lsjz-backfill
160716,,,2019-07-15,1.5951,1.5951,eastmoney:lsjz-backfill
160716,,,2019-07-16,1.5911,1.5911,eastmoney:lsjz-backfill
160716,,,2019-07-17,1.5869,1.5869,eastmoney:lsjz-backfill
160716,,,2019-07-18,1.5813,1.5813,eastmoney:lsjz-backfill
160716,,,2019-07-19,1.5985,1.5985,eastmoney:lsjz-backfill
160716,,,2019-07-22,1.5912,1.5912,eastmoney:lsjz-backfill
160716,,,2019-07-23,1.5947,1.5947,eastmoney:lsjz-backfill
160716,,,2019-07-24,1.6056,1.6056,eastmoney:lsjz-backfill
160716,,,2019-07-25,1.6165,1.6165,eastmoney:lsjz-backfill
160716,,,2019-07-26,1.6189,1.6189,eastmoney:lsjz-backfill
160716,,,2019-07-29,1.6169,1.6169,eastmoney:lsjz-backfill
160716,,,2019-07-30,1.6256,1.6256,eastmoney:lsjz-backfill
160716,,,2019-07-31,1.6094,1.6094,eastmoney:lsjz-backfill
160716,,,2019-08-01,1.5952,1.5952,eastmoney:lsjz-backfill
160716,,,2019-08-02,1.5746,1.5746,eastmoney:lsjz-backfill
160716,,,2019-08-05,1.5452,1.5452,eastmoney:lsjz-backfill
160716,,,2019-08-06,1.5326,1.5326,eastmoney:lsjz-backfill
160716,,,2019-08-07,1.5256,1.5256,eastmoney:lsjz-backfill
160716,,,2019-08-08,1.5451,1.5451,eastmoney:lsjz-backfill
160716,,,2019-08-09,1.5389,1.5389,eastmoney:lsjz-backfill
160716,,,2019-08-12,1.5577,1.5577,eastmoney:lsjz-backfill
160716,,,2019-08-13,1.5416,1.5416,eastmoney:lsjz-backfill
160716,,,2019-08-14,1.5429,1.5429,eastmoney:lsjz-backfill
160716,,,2019-08-15,1.548,1.548,eastmoney:lsjz-backfill
160716,,,2019-08-16,1.5466,1.5466,eastmoney:lsjz-backfill
160716,,,2019-08-19,1.5689,1.5689,eastmoney:lsjz-backfill
160716,,,2019-08-20,1.5679,1.5679,eastmoney:lsjz-backfill
160716,,,2019-08-21,1.5675,1.5675,eastmoney:lsjz-backfill
160716,,,2019-08-22,1.5667,1.5667,eastmoney:lsjz-backfill
160716,,,2019-08-23,1.5777,1.5777,eastmoney:lsjz-backfill
160716,,,2019-08-26,1.5532,1.5532,eastmoney:lsjz-backfill
160716,,,2019-08-27,1.5677,1.5677,eastmoney:lsjz-backfill
160716,,,2019-08-28,1.559,1.559,eastmoney:lsjz-backfill
160716,,,2019-08-29,1.55,1.55,eastmoney:lsjz-backfill
160716,,,2019-08-30,1.5532,1.5532,eastmoney:lsjz-backfill
160716,,,2019-09-02,1.5684,1.5684,eastmoney:lsjz-backfill
160716,,,2019-09-03,1.5696,1.5696,eastmoney:lsjz-backfill
160716,,,2019-09-04,1.5935,1.5935,eastmoney:lsjz-backfill
160716,,,2019-09-05,1.6027,1.6027,eastmoney:lsjz-backfill
160716,,,2019-09-06,1.6139,1.6139,eastmoney:lsjz-backfill
160716,,,2019-09-09,1.6149,1.6149,eastmoney:lsjz-backfill
160716,,,2019-09-10,1.6089,1.6089,eastmoney:lsjz-backfill
160716,,,2019-09-11,1.6099,1.6099,eastmoney:lsjz-backfill
160716,,,2019-09-12,1.625,1.625,eastmoney:lsjz-backfill
160716,,,2019-09-16,1.6176,1.6176,eastmoney:lsjz-backfill
160716,,,2019-09-17,1.5949,1.5949,eastmoney:lsjz-backfill
160716,,,2019-09-18,1.5972,1.5972,eastmoney:lsjz-backfill
160716,,,2019-09-19,1.5986,1.5986,eastmoney:lsjz-backfill
160716,,,2019-09-20,1.5999,1.5999,eastmoney:lsjz-backfill
160716,,,2019-09-23,1.5827,1.5827,eastmoney:lsjz-backfill
160716,,,2019-09-24,1.5825,1.5825,eastmoney:lsjz-backfill
160716,,,2019-09-25,1.5777,1.5777,eastmoney:lsjz-backfill
160716,,,2019-09-26,1.5819,1.5819,eastmoney:lsjz-backfill
160716,,,2019-09-27,1.579,1.579,eastmoney:lsjz-backfill
160716,,,2019-09-30,1.5679,1.5679,eastmoney:lsjz-backfill
160716,,,2019-10-08,1.5824,1.5824,eastmoney:lsjz-backfill
160716,,,2019-10-09,1.5899,1.5899,eastmoney:lsjz-backfill
160716,,,2019-10-10,1.5912,1.5912,eastmoney:lsjz-backfill
160716,,,2019-10-11,1.6123,1.6123,eastmoney:lsjz-backfill
160716,,,2019-10-14,1.6308,1.6308,eastmoney:lsjz-backfill
160716,,,2019-10-15,1.6268,1.6268,eastmoney:lsjz-backfill
160716,,,2019-10-16,1.6253,1.6253,eastmoney:lsjz-backfill
160716,,,2019-10-17,1.6257,1.6257,eastmoney:lsjz-backfill
160716,,,2019-10-18,1.6023,1.6023,eastmoney:lsjz-backfill
160716,,,2019-10-21,1.6118,1.6118,eastmoney:lsjz-backfill
160716,,,2019-10-22,1.6105,1.6105,eastmoney:lsjz-backfill
160716,,,2019-10-23,1.6052,1.6052,eastmoney:lsjz-backfill
160716,,,2019-10-24,1.6116,1.6116,eastmoney:lsjz-backfill
160716,,,2019-10-25,1.6074,1.6074,eastmoney:lsjz-backfill
160716,,,2019-10-28,1.6074,1.6074,eastmoney:lsjz-backfill
160716,,,2019-10-29,1.602,1.602,eastmoney:lsjz-backfill
160716,,,2019-10-30,1.5956,1.5956,eastmoney:lsjz-backfill
160716,,,2019-10-31,1.5921,1.5921,eastmoney:lsjz-backfill
160716,,,2019-11-01,1.6187,1.6187,eastmoney:lsjz-backfill
160716,,,2019-11-04,1.6252,1.6252,eastmoney:lsjz-backfill
160716,,,2019-11-05,1.6361,1.6361,eastmoney:lsjz-backfill
160716,,,2019-11-06,1.6328,1.6328,eastmoney:lsjz-backfill
160716,,,2019-11-07,1.6302,1.6302,eastmoney:lsjz-backfill
160716,,,2019-11-08,1.6184,1.6184,eastmoney:lsjz-backfill
160716,,,2019-11-11,1.5914,1.5914,eastmoney:lsjz-backfill
160716,,,2019-11-12,1.5902,1.5902,eastmoney:lsjz-backfill
160716,,,2019-11-13,1.5825,1.5825,eastmoney:lsjz-backfill
160716,,,2019-11-14,1.5798,1.5798,eastmoney:lsjz-backfill
160716,,,2019-11-15,1.5753,1.5753,eastmoney:lsjz-backfill
160716,,,2019-11-18,1.5877,1.5877,eastmoney:lsjz-backfill
160716,,,2019-11-19,1.594,1.594,eastmoney:lsjz-backfill
160716,,,2019-11-20,1.5769,1.5769,eastmoney:lsjz-backfill
160716,,,2019-11-21,1.5706,1.5706,eastmoney:lsjz-backfill
160716,,,2019-11-22,1.5678,1.5678,eastmoney:lsjz-backfill
160716,,,2019-11-25,1.5935,1.5935,eastmoney:lsjz-backfill
160716,,,2019-11-26,1.5901,1.5901,eastmoney:lsjz-backfill
160716,,,2019-11-27,1.5835,1.5835,eastmoney:lsjz-backfill
160716,,,2019-11-28,1.5783,1.5783,eastmoney:lsjz-backfill
160716,,,2019-11-29,1.5678,1.5678,eastmoney:lsjz-backfill
160716,,,2019-12-02,1.5693,1.5693,eastmoney:lsjz-backfill
160716,,,2019-12-03,1.5743,1.5743,eastmoney:lsjz-backfill
160716,,,2019-12-04,1.5683,1.5683,eastmoney:lsjz-backfill
160716,,,2019-12-05,1.5749,1.5749,eastmoney:lsjz-backfill
160716,,,2019-12-06,1.578,1.578,eastmoney:lsjz-backfill
160716,,,2019-12-09,1.5827,1.5827,eastmoney:lsjz-backfill
160716,,,2019-12-10,1.58,1.58,eastmoney:lsjz-backfill
160716,,,2019-12-11,1.588,1.588,eastmoney:lsjz-backfill
160716,,,2019-12-12,1.5835,1.5835,eastmoney:lsjz-backfill
160716,,,2019-12-13,1.6122,1.6122,eastmoney:lsjz-backfill
160716,,,2019-12-16,1.6138,1.6138,eastmoney:lsjz-backfill
160716,,,2019-12-17,1.6337,1.6337,eastmoney:lsjz-backfill
160716,,,2019-12-18,1.6312,1.6312,eastmoney:lsjz-backfill
160716,,,2019-12-19,1.6343,1.6343,eastmoney:lsjz-backfill
160716,,,2019-12-20,1.6329,1.6329,eastmoney:lsjz-backfill
160716,,,2019-12-23,1.6141,1.6141,eastmoney:lsjz-backfill
160716,,,2019-12-24,1.6174,1.6174,eastmoney:lsjz-backfill
160716,,,2019-12-25,1.6125,1.6125,eastmoney:lsjz-backfill
160716,,,2019-12-26,1.6269,1.6269,eastmoney:lsjz-backfill
160716,,,2019-12-27,1.6279,1.6279,eastmoney:lsjz-backfill
160716,,,2019-12-30,1.6436,1.6436,eastmoney:lsjz-backfill
160716,,,2019-12-31,1.6455,1.6455,eastmoney:lsjz-backfill
160716,,,2020-01-02,1.6687,1.6687,eastmoney:lsjz-backfill
160716,,,2020-01-03,1.6671,1.6671,eastmoney:lsjz-backfill
160716,,,2020-01-06,1.6576,1.6576,eastmoney:lsjz-backfill
160716,,,2020-01-07,1.6646,1.6646,eastmoney:lsjz-backfill
160716,,,2020-01-08,1.6478,1.6478,eastmoney:lsjz-backfill
160716,,,2020-01-09,1.6601,1.6601,eastmoney:lsjz-backfill
160716,,,2020-01-10,1.6555,1.6555,eastmoney:lsjz-backfill
160716,,,2020-01-13,1.6638,1.6638,eastmoney:lsjz-backfill
160716,,,2020-01-14,1.6626,1.6626,eastmoney:lsjz-backfill
160716,,,2020-01-15,1.6442,1.6442,eastmoney:lsjz-backfill
160716,,,2020-01-16,1.6344,1.6344,eastmoney:lsjz-backfill
160716,,,2020-01-17,1.6364,1.6364,eastmoney:lsjz-backfill
160716,,,2020-01-20,1.641,1.641,eastmoney:lsjz-backfill
160716,,,2020-01-21,1.611,1.611,eastmoney:lsjz-backfill
160716,,,2020-01-22,1.6112,1.6112,eastmoney:lsjz-backfill
160716,,,2020-01-23,1.5701,1.5701,eastmoney:lsjz-backfill
160716,,,2020-02-03,1.4586,1.4586,eastmoney:lsjz-backfill
160716,,,2020-02-04,1.4903,1.4903,eastmoney:lsjz-backfill
160716,,,2020-02-05,1.4964,1.4964,eastmoney:lsjz-backfill
160716,,,2020-02-06,1.5109,1.5109,eastmoney:lsjz-backfill
160716,,,2020-02-07,1.5066,1.5066,eastmoney:lsjz-backfill
160716,,,2020-02-10,1.5089,1.5089,eastmoney:lsjz-backfill
160716,,,2020-02-11,1.5237,1.5237,eastmoney:lsjz-backfill
160716,,,2020-02-12,1.5275,1.5275,eastmoney:lsjz-backfill
160716,,,2020-02-13,1.521,1.521,eastmoney:lsjz-backfill
160716,,,2020-02-14,1.5322,1.5322,eastmoney:lsjz-backfill
160716,,,2020-02-17,1.5561,1.5561,eastmoney:lsjz-backfill
160716,,,2020-02-18,1.5417,1.5417,eastmoney:lsjz-backfill
160716,,,2020-02-19,1.5412,1.5412,eastmoney:lsjz-backfill
160716,,,2020-02-20,1.5623,1.5623,eastmoney:lsjz-backfill
160716,,,2020-02-21,1.5592,1.5592,eastmoney:lsjz-backfill
160716,,,2020-02-24,1.542,1.542,eastmoney:lsjz-backfill
160716,,,2020-02-25,1.5285,1.5285,eastmoney:lsjz-backfill
160716,,,2020-02-26,1.5424,1.5424,eastmoney:lsjz-backfill
160716,,,2020-02-27,1.5452,1.5452,eastmoney:lsjz-backfill
160716,,,2020-02-28,1.5122,1.5122,eastmoney:lsjz-backfill
160716,,,2020-03-02,1.5589,1.5589,eastmoney:lsjz-backfill
160716,,,2020-03-03,1.5608,1.5608,eastmoney:lsjz-backfill
160716,,,2020-03-04,1.571,1.571,eastmoney:lsjz-backfill
160716,,,2020-03-05,1.5984,1.5984,eastmoney:lsjz-backfill
160716,,,2020-03-06,1.5688,1.5688,eastmoney:lsjz-backfill
160716,,,2020-03-09,1.5303,1.5303,eastmoney:lsjz-backfill
160716,,,2020-03-10,1.5543,1.5543,eastmoney:lsjz-backfill
160716,,,2020-03-11,1.5372,1.5372,eastmoney:lsjz-backfill
160716,,,2020-03-12,1.5209,1.5209,eastmoney:lsjz-backfill
160716,,,2020-03-13,1.5,1.5,eastmoney:lsjz-backfill
160716,,,2020-03-16,1.4605,1.4605,eastmoney:lsjz-backfill
160716,,,2020-03-17,1.4538,1.4538,eastmoney:lsjz-backfill
160716,,,2020-03-18,1.4238,1.4238,eastmoney:lsjz-backfill
160716,,,2020-03-19,1.3888,1.3888,eastmoney:lsjz-backfill
160716,,,2020-03-20,1.4136,1.4136,eastmoney:lsjz-backfill
160716,,,2020-03-23,1.3772,1.3772,eastmoney:lsjz-backfill
160716,,,2020-03-24,1.4112,1.4112,eastmoney:lsjz-backfill
160716,,,2020-03-25,1.4408,1.4408,eastmoney:lsjz-backfill
160716,,,2020-03-26,1.4345,1.4345,eastmoney:lsjz-backfill
160716,,,2020-03-27,1.4457,1.4457,eastmoney:lsjz-backfill
160716,,,2020-03-30,1.4434,1.4434,eastmoney:lsjz-backfill
160716,,,2020-03-31,1.4327,1.4327,eastmoney:lsjz-backfill
160716,,,2020-04-01,1.4273,1.4273,eastmoney:lsjz-backfill
160716,,,2020-04-02,1.4401,1.4401,eastmoney:lsjz-backfill
160716,,,2020-04-03,1.4292,1.4292,eastmoney:lsjz-backfill
160716,,,2020-04-07,1.4481,1.4481,eastmoney:lsjz-backfill
160716,,,2020-04-08,1.4407,1.4407,eastmoney:lsjz-backfill
160716,,,2020-04-09,1.4407,1.4407,eastmoney:lsjz-backfill
160716,,,2020-04-10,1.4397,1.4397,eastmoney:lsjz-backfill
160716,,,2020-04-13,1.4369,1.4369,eastmoney:lsjz-backfill
160716,,,2020-04-14,1.4533,1.4533,eastmoney:lsjz-backfill
160716,,,2020-04-15,1.442,1.442,eastmoney:lsjz-backfill
160716,,,2020-04-16,1.4421,1.4421,eastmoney:lsjz-backfill
160716,,,2020-04-17,1.4569,1.4569,eastmoney:lsjz-backfill
160716,,,2020-04-20,1.4566,1.4566,eastmoney:lsjz-backfill
160716,,,2020-04-21,1.444,1.444,eastmoney:lsjz-backfill
160716,,,2020-04-22,1.4466,1.4466,eastmoney:lsjz-backfill
160716,,,2020-04-23,1.4436,1.4436,eastmoney:lsjz-backfill
160716,,,2020-04-24,1.4342,1.4342,eastmoney:lsjz-backfill
160716,,,2020-04-27,1.4458,1.4458,eastmoney:lsjz-backfill
160716,,,2020-04-28,1.4493,1.4493,eastmoney:lsjz-backfill
160716,,,2020-04-29,1.4678,1.4678,eastmoney:lsjz-backfill
160716,,,2020-04-30,1.4778,1.4778,eastmoney:lsjz-backfill
160716,,,2020-05-06,1.4711,1.4711,eastmoney:lsjz-backfill
160716,,,2020-05-07,1.4638,1.4638,eastmoney:lsjz-backfill
160716,,,2020-05-08,1.4781,1.4781,eastmoney:lsjz-backfill
160716,,,2020-05-11,1.4824,1.4824,eastmoney:lsjz-backfill
160716,,,2020-05-12,1.4753,1.4753,eastmoney:lsjz-backfill
160716,,,2020-05-13,1.4731,1.4731,eastmoney:lsjz-backfill
160716,,,2020-05-14,1.4572,1.4572,eastmoney:lsjz-backfill
160716,,,2020-05-15,1.4532,1.4532,eastmoney:lsjz-backfill
160716,,,2020-05-18,1.4569,1.4569,eastmoney:lsjz-backfill
160716,,,2020-05-19,1.4643,1.4643,eastmoney:lsjz-backfill
160716,,,2020-05-20,1.4624,1.4624,eastmoney:lsjz-backfill
160716,,,2020-05-21,1.4547,1.4547,eastmoney:lsjz-backfill
160716,,,2020-05-22,1.4278,1.4278,eastmoney:lsjz-backfill
160716,,,2020-05-25,1.4303,1.4303,eastmoney:lsjz-backfill
160716,,,2020-05-26,1.4367,1.4367,eastmoney:lsjz-backfill
160716,,,2020-05-27,1.437,1.437,eastmoney:lsjz-backfill
160716,,,2020-05-28,1.4475,1.4475,eastmoney:lsjz-backfill
160716,,,2020-05-29,1.4391,1.4391,eastmoney:lsjz-backfill
160716,,,2020-06-01,1.4631,1.4631,eastmoney:lsjz-backfill
160716,,,2020-06-02,1.4753,1.4753,eastmoney:lsjz-backfill
160716,,,2020-06-03,1.4756,1.4756,eastmoney:lsjz-backfill
160716,,,2020-06-04,1.4705,1.4705,eastmoney:lsjz-backfill
160716,,,2020-06-05,1.4717,1.4717,eastmoney:lsjz-backfill
160716,,,2020-06-08,1.4806,1.4806,eastmoney:lsjz-backfill
160716,,,2020-06-09,1.4853,1.4853,eastmoney:lsjz-backfill
160716,,,2020-06-10,1.4752,1.4752,eastmoney:lsjz-backfill
160716,,,2020-06-11,1.4584,1.4584,eastmoney:lsjz-backfill
160716,,,2020-06-12,1.4559,1.4559,eastmoney:lsjz-backfill
160716,,,2020-06-15,1.4373,1.4373,eastmoney:lsjz-backfill
160716,,,2020-06-16,1.4522,1.4522,eastmoney:lsjz-backfill
160716,,,2020-06-17,1.4495,1.4495,eastmoney:lsjz-backfill
160716,,,2020-06-18,1.4549,1.4549,eastmoney:lsjz-backfill
160716,,,2020-06-19,1.463,1.463,eastmoney:lsjz-backfill
160716,,,2020-06-22,1.4546,1.4546,eastmoney:lsjz-backfill
160716,,,2020-06-23,1.4473,1.4473,eastmoney:lsjz-backfill
160716,,,2020-06-24,1.4592,1.4592,eastmoney:lsjz-backfill
160716,,,2020-06-29,1.4469,1.4469,eastmoney:lsjz-backfill
160716,,,2020-06-30,1.4525,1.4525,eastmoney:lsjz-backfill
160716,,,2020-07-01,1.4875,1.4875,eastmoney:lsjz-backfill
160716,,,2020-07-02,1.5209,1.5209,eastmoney:lsjz-backfill
160716,,,2020-07-03,1.5526,1.5526,eastmoney:lsjz-backfill
160716,,,2020-07-06,1.6626,1.6626,eastmoney:lsjz-backfill
160716,,,2020-07-07,1.6529,1.6529,eastmoney:lsjz-backfill
160716,,,2020-07-08,1.6665,1.6665,eastmoney:lsjz-backfill
160716,,,2020-07-09,1.6686,1.6686,eastmoney:lsjz-backfill
160716,,,2020-07-10,1.6217,1.6217,eastmoney:lsjz-backfill
160716,,,2020-07-13,1.6334,1.6334,eastmoney:lsjz-backfill
160716,,,2020-07-14,1.6171,1.6171,eastmoney:lsjz-backfill
160716,,,2020-07-15,1.59,1.59,eastmoney:lsjz-backfill
160716,,,2020-07-16,1.5806,1.5806,eastmoney:lsjz-backfill
160716,,,2020-07-17,1.5806,1.5806,eastmoney:lsjz-backfill
160716,,,2020-07-20,1.6315,1.6315,eastmoney:lsjz-backfill
160716,,,2020-07-21,1.62,1.62,eastmoney:lsjz-backfill
160716,,,2020-07-22,1.6173,1.6173,eastmoney:lsjz-backfill
160716,,,2020-07-23,1.6035,1.6035,eastmoney:lsjz-backfill
160716,,,2020-07-24,1.5625,1.5625,eastmoney:lsjz-backfill
160716,,,2020-07-27,1.5563,1.5563,eastmoney:lsjz-backfill
160716,,,2020-07-28,1.5614,1.5614,eastmoney:lsjz-backfill
160716,,,2020-07-29,1.582,1.582,eastmoney:lsjz-backfill
160716,,,2020-07-30,1.5697,1.5697,eastmoney:lsjz-backfill
160716,,,2020-07-31,1.5709,1.5709,eastmoney:lsjz-backfill
160716,,,2020-08-03,1.5842,1.5842,eastmoney:lsjz-backfill
160716,,,2020-08-04,1.6051,1.6051,eastmoney:lsjz-backfill
160716,,,2020-08-05,1.586,1.586,eastmoney:lsjz-backfill
160716,,,2020-08-06,1.5902,1.5902,eastmoney:lsjz-backfill
160716,,,2020-08-07,1.5782,1.5782,eastmoney:lsjz-backfill
160716,,,2020-08-10,1.5988,1.5988,eastmoney:lsjz-backfill
160716,,,2020-08-11,1.5903,1.5903,eastmoney:lsjz-backfill
160716,,,2020-08-12,1.5998,1.5998,eastmoney:lsjz-backfill
160716,,,2020-08-13,1.5994,1.5994,eastmoney:lsjz-backfill
160716,,,2020-08-14,1.6163,1.6163,eastmoney:lsjz-backfill
160716,,,2020-08-17,1.6506,1.6506,eastmoney:lsjz-backfill
160716,,,2020-08-18,1.6391,1.6391,eastmoney:lsjz-backfill
160716,,,2020-08-19,1.6243,1.6243,eastmoney:lsjz-backfill
160716,,,2020-08-20,1.6093,1.6093,eastmoney:lsjz-backfill
160716,,,2020-08-21,1.614,1.614,eastmoney:lsjz-backfill
160716,,,2020-08-24,1.6125,1.6125,eastmoney:lsjz-backfill
160716,,,2020-08-25,1.6103,1.6103,eastmoney:lsjz-backfill
160716,,,2020-08-26,1.5955,1.5955,eastmoney:lsjz-backfill
160716,,,2020-08-27,1.5949,1.5949,eastmoney:lsjz-backfill
160716,,,2020-08-28,1.6188,1.6188,eastmoney:lsjz-backfill
160716,,,2020-08-31,1.6091,1.6091,eastmoney:lsjz-backfill
160716,,,2020-09-01,1.6122,1.6122,eastmoney:lsjz-backfill
160716,,,2020-09-02,1.6047,1.6047,eastmoney:lsjz-backfill
160716,,,2020-09-03,1.601,1.601,eastmoney:lsjz-backfill
160716,,,2020-09-04,1.5929,1.5929,eastmoney:lsjz-backfill
160716,,,2020-09-07,1.5859,1.5859,eastmoney:lsjz-backfill
160716,,,2020-09-08,1.6061,1.6061,eastmoney:lsjz-backfill
160716,,,2020-09-09,1.5906,1.5906,eastmoney:lsjz-backfill
160716,,,2020-09-10,1.5904,1.5904,eastmoney:lsjz-backfill
160716,,,2020-09-11,1.5878,1.5878,eastmoney:lsjz-backfill
160716,,,2020-09-14,1.5946,1.5946,eastmoney:lsjz-backfill
160716,,,2020-09-15,1.6011,1.6011,eastmoney:lsjz-backfill
160716,,,2020-09-16,1.6044,1.6044,eastmoney:lsjz-backfill
160716,,,2020-09-17,1.6004,1.6004,eastmoney:lsjz-backfill
160716,,,2020-09-18,1.636,1.636,eastmoney:lsjz-backfill
160716,,,2020-09-21,1.6248,1.6248,eastmoney:lsjz-backfill
160716,,,2020-09-22,1.6047,1.6047,eastmoney:lsjz-backfill
160716,,,2020-09-23,1.5983,1.5983,eastmoney:lsjz-backfill
160716,,,2020-09-24,1.5771,1.5771,eastmoney:lsjz-backfill
160716,,,2020-09-25,1.5736,1.5736,eastmoney:lsjz-backfill
160716,,,2020-09-28,1.5807,1.5807,eastmoney:lsjz-backfill
160716,,,2020-09-29,1.5721,1.5721,eastmoney:lsjz-backfill
160716,,,2020-09-30,1.5707,1.5707,eastmoney:lsjz-backfill
160716,,,2020-10-09,1.5847,1.5847,eastmoney:lsjz-backfill
160716,,,2020-10-12,1.618,1.618,eastmoney:lsjz-backfill
160716,,,2020-10-13,1.6167,1.6167,eastmoney:lsjz-backfill
160716,,,2020-10-14,1.6116,1.6116,eastmoney:lsjz-backfill
160716,,,2020-10-15,1.6175,1.6175,eastmoney:lsjz-backfill
160716,,,2020-10-16,1.6292,1.6292,eastmoney:lsjz-backfill
160716,,,2020-10-19,1.6285,1.6285,eastmoney:lsjz-backfill
160716,,,2020-10-20,1.6268,1.6268,eastmoney:lsjz-backfill
160716,,,2020-10-21,1.6431,1.6431,eastmoney:lsjz-backfill
160716,,,2020-10-22,1.6392,1.6392,eastmoney:lsjz-backfill
160716,,,2020-10-23,1.6453,1.6453,eastmoney:lsjz-backfill
160716,,,2020-10-26,1.6329,1.6329,eastmoney:lsjz-backfill
160716,,,2020-10-27,1.623,1.623,eastmoney:lsjz-backfill
160716,,,2020-10-28,1.6161,1.6161,eastmoney:lsjz-backfill
160716,,,2020-10-29,1.6223,1.6223,eastmoney:lsjz-backfill
160716,,,2020-10-30,1.6113,1.6113,eastmoney:lsjz-backfill
160716,,,2020-11-02,1.6169,1.6169,eastmoney:lsjz-backfill
160716,,,2020-11-03,1.6339,1.6339,eastmoney:lsjz-backfill
160716,,,2020-11-04,1.6501,1.6501,eastmoney:lsjz-backfill
160716,,,2020-11-05,1.6701,1.6701,eastmoney:lsjz-backfill
160716,,,2020-11-06,1.6804,1.6804,eastmoney:lsjz-backfill
160716,,,2020-11-09,1.6988,1.6988,eastmoney:lsjz-backfill
160716,,,2020-11-10,1.6937,1.6937,eastmoney:lsjz-backfill
160716,,,2020-11-11,1.704,1.704,eastmoney:lsjz-backfill
160716,,,2020-11-12,1.6914,1.6914,eastmoney:lsjz-backfill
160716,,,2020-11-13,1.6663,1.6663,eastmoney:lsjz-backfill
160716,,,2020-11-16,1.6827,1.6827,eastmoney:lsjz-backfill
160716,,,2020-11-17,1.6945,1.6945,eastmoney:lsjz-backfill
160716,,,2020-11-18,1.709,1.709,eastmoney:lsjz-backfill
160716,,,2020-11-19,1.717,1.717,eastmoney:lsjz-backfill
160716,,,2020-11-20,1.7142,1.7142,eastmoney:lsjz-backfill
160716,,,2020-11-23,1.7389,1.7389,eastmoney:lsjz-backfill
160716,,,2020-11-24,1.7287,1.7287,eastmoney:lsjz-backfill
160716,,,2020-11-25,1.7223,1.7223,eastmoney:lsjz-backfill
160716,,,2020-11-26,1.7328,1.7328,eastmoney:lsjz-backfill
160716,,,2020-11-27,1.7624,1.7624,eastmoney:lsjz-backfill
160716,,,2020-11-30,1.7511,1.7511,eastmoney:lsjz-backfill
160716,,,2020-12-01,1.7803,1.7803,eastmoney:lsjz-backfill
160716,,,2020-12-02,1.7785,1.7785,eastmoney:lsjz-backfill
160716,,,2020-12-03,1.7661,1.7661,eastmoney:lsjz-backfill
160716,,,2020-12-04,1.7522,1.7522,eastmoney:lsjz-backfill
160716,,,2020-12-07,1.7231,1.7231,eastmoney:lsjz-backfill
160716,,,2020-12-08,1.7117,1.7117,eastmoney:lsjz-backfill
160716,,,2020-12-09,1.6997,1.6997,eastmoney:lsjz-backfill
160716,,,2020-12-10,1.6964,1.6964,eastmoney:lsjz-backfill
160716,,,2020-12-11,1.6808,1.6808,eastmoney:lsjz-backfill
160716,,,2020-12-14,1.6891,1.6891,eastmoney:lsjz-backfill
160716,,,2020-12-15,1.6771,1.6771,eastmoney:lsjz-backfill
160716,,,2020-12-16,1.6813,1.6813,eastmoney:lsjz-backfill
160716,,,2020-12-17,1.6986,1.6986,eastmoney:lsjz-backfill
160716,,,2020-12-18,1.6923,1.6923,eastmoney:lsjz-backfill
160716,,,2020-12-21,1.6846,1.6846,eastmoney:lsjz-backfill
160716,,,2020-12-22,1.6533,1.6533,eastmoney:lsjz-backfill
160716,,,2020-12-23,1.6595,1.6595,eastmoney:lsjz-backfill
160716,,,2020-12-24,1.6573,1.6573,eastmoney:lsjz-backfill
160716,,,2020-12-25,1.659,1.659,eastmoney:lsjz-backfill
160716,,,2020-12-28,1.6718,1.6718,eastmoney:lsjz-backfill
160716,,,2020-12-29,1.6684,1.6684,eastmoney:lsjz-backfill
160716,,,2020-12-30,1.6753,1.6753,eastmoney:lsjz-backfill
160716,,,2020-12-31,1.6926,1.6926,eastmoney:lsjz-backfill
160716,,,2021-01-04,1.6749,1.6749,eastmoney:lsjz-backfill
160716,,,2021-01-05,1.6667,1.6667,eastmoney:lsjz-backfill
160716,,,2021-01-06,1.697,1.697,eastmoney:lsjz-backfill
160716,,,2021-01-07,1.7113,1.7113,eastmoney:lsjz-backfill
160716,,,2021-01-08,1.7228,1.7228,eastmoney:lsjz-backfill
160716,,,2021-01-11,1.714,1.714,eastmoney:lsjz-backfill
160716,,,2021-01-12,1.7432,1.7432,eastmoney:lsjz-backfill
160716,,,2021-01-13,1.753,1.753,eastmoney:lsjz-backfill
160716,,,2021-01-14,1.7524,1.7524,eastmoney:lsjz-backfill
160716,,,2021-01-15,1.7646,1.7646,eastmoney:lsjz-backfill
160716,,,2021-01-18,1.7774,1.7774,eastmoney:lsjz-backfill
160716,,,2021-01-19,1.7698,1.7698,eastmoney:lsjz-backfill
160716,,,2021-01-20,1.7565,1.7565,eastmoney:lsjz-backfill
160716,,,2021-01-21,1.7599,1.7599,eastmoney:lsjz-backfill
160716,,,2021-01-22,1.7328,1.7328,eastmoney:lsjz-backfill
160716,,,2021-01-25,1.7362,1.7362,eastmoney:lsjz-backfill
160716,,,2021-01-26,1.7232,1.7232,eastmoney:lsjz-backfill
160716,,,2021-01-27,1.7302,1.7302,eastmoney:lsjz-backfill
160716,,,2021-01-28,1.705,1.705,eastmoney:lsjz-backfill
160716,,,2021-01-29,1.6923,1.6923,eastmoney:lsjz-backfill
160716,,,2021-02-01,1.7093,1.7093,eastmoney:lsjz-backfill
160716,,,2021-02-02,1.7074,1.7074,eastmoney:lsjz-backfill
160716,,,2021-02-03,1.7082,1.7082,eastmoney:lsjz-backfill
160716,,,2021-02-04,1.7105,1.7105,eastmoney:lsjz-backfill
160716,,,2021-02-05,1.7346,1.7346,eastmoney:lsjz-backfill
160716,,,2021-02-08,1.7396,1.7396,eastmoney:lsjz-backfill
160716,,,2021-02-09,1.7472,1.7472,eastmoney:lsjz-backfill
160716,,,2021-02-10,1.7576,1.7576,eastmoney:lsjz-backfill
160716,,,2021-02-18,1.7841,1.7841,eastmoney:lsjz-backfill
160716,,,2021-02-19,1.7987,1.7987,eastmoney:lsjz-backfill
160716,,,2021-02-22,1.7861,1.7861,eastmoney:lsjz-backfill
160716,,,2021-02-23,1.7879,1.7879,eastmoney:lsjz-backfill
160716,,,2021-02-24,1.7663,1.7663,eastmoney:lsjz-backfill
160716,,,2021-02-25,1.8081,1.8081,eastmoney:lsjz-backfill
160716,,,2021-02-26,1.7628,1.7628,eastmoney:lsjz-backfill
160716,,,2021-03-01,1.7701,1.7701,eastmoney:lsjz-backfill
160716,,,2021-03-02,1.7514,1.7514,eastmoney:lsjz-backfill
160716,,,2021-03-03,1.7974,1.7974,eastmoney:lsjz-backfill
160716,,,2021-03-04,1.7775,1.7775,eastmoney:lsjz-backfill
160716,,,2021-03-05,1.765,1.765,eastmoney:lsjz-backfill
160716,,,2021-03-08,1.7438,1.7438,eastmoney:lsjz-backfill
160716,,,2021-03-09,1.7305,1.7305,eastmoney:lsjz-backfill
160716,,,2021-03-10,1.7199,1.7199,eastmoney:lsjz-backfill
160716,,,2021-03-11,1.7578,1.7578,eastmoney:lsjz-backfill
160716,,,2021-03-12,1.7727,1.7727,eastmoney:lsjz-backfill
160716,,,2021-03-15,1.7753,1.7753,eastmoney:lsjz-backfill
160716,,,2021-03-16,1.7915,1.7915,eastmoney:lsjz-backfill
160716,,,2021-03-17,1.7704,1.7704,eastmoney:lsjz-backfill
160716,,,2021-03-18,1.7715,1.7715,eastmoney:lsjz-backfill
160716,,,2021-03-19,1.7316,1.7316,eastmoney:lsjz-backfill
160716,,,2021-03-22,1.7534,1.7534,eastmoney:lsjz-backfill
160716,,,2021-03-23,1.7432,1.7432,eastmoney:lsjz-backfill
160716,,,2021-03-24,1.7211,1.7211,eastmoney:lsjz-backfill
160716,,,2021-03-25,1.7155,1.7155,eastmoney:lsjz-backfill
160716,,,2021-03-26,1.7289,1.7289,eastmoney:lsjz-backfill
160716,,,2021-03-29,1.739,1.739,eastmoney:lsjz-backfill
160716,,,2021-03-30,1.7464,1.7464,eastmoney:lsjz-backfill
160716,,,2021-03-31,1.749,1.749,eastmoney:lsjz-backfill
160716,,,2021-04-01,1.7524,1.7524,eastmoney:lsjz-backfill
160716,,,2021-04-02,1.7434,1.7434,eastmoney:lsjz-backfill
160716,,,2021-04-06,1.7389,1.7389,eastmoney:lsjz-backfill
160716,,,2021-04-07,1.7364,1.7364,eastmoney:lsjz-backfill
160716,,,2021-04-08,1.733,1.733,eastmoney:lsjz-backfill
160716,,,2021-04-09,1.7226,1.7226,eastmoney:lsjz-backfill
160716,,,2021-04-12,1.7194,1.7194,eastmoney:lsjz-backfill
160716,,,2021-04-13,1.7079,1.7079,eastmoney:lsjz-backfill
160716,,,2021-04-14,1.7041,1.7041,eastmoney:lsjz-backfill
160716,,,2021-04-15,1.6916,1.6916,eastmoney:lsjz-backfill
160716,,,2021-04-16,1.7032,1.7032,eastmoney:lsjz-backfill
160716,,,2021-04-19,1.7182,1.7182,eastmoney:lsjz-backfill
160716,,,2021-04-20,1.7131,1.7131,eastmoney:lsjz-backfill
160716,,,2021-04-21,1.7109,1.7109,eastmoney:lsjz-backfill
160716,,,2021-04-22,1.7056,1.7056,eastmoney:lsjz-backfill
160716,,,2021-04-23,1.7084,1.7084,eastmoney:lsjz-backfill
160716,,,2021-04-26,1.6878,1.6878,eastmoney:lsjz-backfill
160716,,,2021-04-27,1.6863,1.6863,eastmoney:lsjz-backfill
160716,,,2021-04-28,1.6877,1.6877,eastmoney:lsjz-backfill
160716,,,2021-04-29,1.7087,1.7087,eastmoney:lsjz-backfill
160716,,,2021-04-30,1.6889,1.6889,eastmoney:lsjz-backfill
160716,,,2021-05-06,1.6948,1.6948,eastmoney:lsjz-backfill
160716,,,2021-05-07,1.6993,1.6993,eastmoney:lsjz-backfill
160716,,,2021-05-10,1.6992,1.6992,eastmoney:lsjz-backfill
160716,,,2021-05-11,1.7013,1.7013,eastmoney:lsjz-backfill
160716,,,2021-05-12,1.704,1.704,eastmoney:lsjz-backfill
160716,,,2021-05-13,1.689,1.689,eastmoney:lsjz-backfill
160716,,,2021-05-14,1.7111,1.7111,eastmoney:lsjz-backfill
160716,,,2021-05-17,1.7146,1.7146,eastmoney:lsjz-backfill
160716,,,2021-05-18,1.717,1.717,eastmoney:lsjz-backfill
160716,,,2021-05-19,1.6974,1.6974,eastmoney:lsjz-backfill
160716,,,2021-05-20,1.7014,1.7014,eastmoney:lsjz-backfill
160716,,,2021-05-21,1.6899,1.6899,eastmoney:lsjz-backfill
160716,,,2021-05-24,1.6887,1.6887,eastmoney:lsjz-backfill
160716,,,2021-05-25,1.7313,1.7313,eastmoney:lsjz-backfill
160716,,,2021-05-26,1.7395,1.7395,eastmoney:lsjz-backfill
160716,,,2021-05-27,1.7385,1.7385,eastmoney:lsjz-backfill
160716,,,2021-05-28,1.7394,1.7394,eastmoney:lsjz-backfill
160716,,,2021-05-31,1.73,1.73,eastmoney:lsjz-backfill
160716,,,2021-06-01,1.722,1.722,eastmoney:lsjz-backfill
160716,,,2021-06-02,1.7229,1.7229,eastmoney:lsjz-backfill
160716,,,2021-06-03,1.7168,1.7168,eastmoney:lsjz-backfill
160716,,,2021-06-04,1.7239,1.7239,eastmoney:lsjz-backfill
160716,,,2021-06-07,1.7176,1.7176,eastmoney:lsjz-backfill
160716,,,2021-06-08,1.7162,1.7162,eastmoney:lsjz-backfill
160716,,,2021-06-09,1.7144,1.7144,eastmoney:lsjz-backfill
160716,,,2021-06-10,1.712,1.712,eastmoney:lsjz-backfill
160716,,,2021-06-11,1.7073,1.7073,eastmoney:lsjz-backfill
160716,,,2021-06-15,1.6875,1.6875,eastmoney:lsjz-backfill
160716,,,2021-06-16,1.6926,1.6926,eastmoney:lsjz-backfill
160716,,,2021-06-17,1.6805,1.6805,eastmoney:lsjz-backfill
160716,,,2021-06-18,1.6722,1.6722,eastmoney:lsjz-backfill
160716,,,2021-06-21,1.6579,1.6579,eastmoney:lsjz-backfill
160716,,,2021-06-22,1.6696,1.6696,eastmoney:lsjz-backfill
160716,,,2021-06-23,1.678,1.678,eastmoney:lsjz-backfill
160716,,,2021-06-24,1.6858,1.6858,eastmoney:lsjz-backfill
160716,,,2021-06-25,1.6993,1.6993,eastmoney:lsjz-backfill
160716,,,2021-06-28,1.6835,1.6835,eastmoney:lsjz-backfill
160716,,,2021-06-29,1.6653,1.6653,eastmoney:lsjz-backfill
160716,,,2021-06-30,1.6706,1.6706,eastmoney:lsjz-backfill
160716,,,2021-07-01,1.6858,1.6858,eastmoney:lsjz-backfill
160716,,,2021-07-02,1.6541,1.6541,eastmoney:lsjz-backfill
160716,,,2021-07-05,1.6464,1.6464,eastmoney:lsjz-backfill
160716,,,2021-07-06,1.6615,1.6615,eastmoney:lsjz-backfill
160716,,,2021-07-07,1.6576,1.6576,eastmoney:lsjz-backfill
160716,,,2021-07-08,1.6335,1.6335,eastmoney:lsjz-backfill
160716,,,2021-07-09,1.6295,1.6295,eastmoney:lsjz-backfill
160716,,,2021-07-12,1.6243,1.6243,eastmoney:lsjz-backfill
160716,,,2021-07-13,1.6323,1.6323,eastmoney:lsjz-backfill
160716,,,2021-07-14,1.6093,1.6093,eastmoney:lsjz-backfill
160716,,,2021-07-15,1.6312,1.6312,eastmoney:lsjz-backfill
160716,,,2021-07-16,1.6264,1.6264,eastmoney:lsjz-backfill
160716,,,2021-07-19,1.6224,1.6224,eastmoney:lsjz-backfill
160716,,,2021-07-20,1.6126,1.6126,eastmoney:lsjz-backfill
160716,,,2021-07-21,1.6028,1.6028,eastmoney:lsjz-backfill
160716,,,2021-07-22,1.616,1.616,eastmoney:lsjz-backfill
160716,,,2021-07-23,1.6143,1.6143,eastmoney:lsjz-backfill
160716,,,2021-07-26,1.5707,1.5707,eastmoney:lsjz-backfill
160716,,,2021-07-27,1.534,1.534,eastmoney:lsjz-backfill
160716,,,2021-07-28,1.5395,1.5395,eastmoney:lsjz-backfill
160716,,,2021-07-29,1.5329,1.5329,eastmoney:lsjz-backfill
160716,,,2021-07-30,1.5348,1.5348,eastmoney:lsjz-backfill
160716,,,2021-08-02,1.5577,1.5577,eastmoney:lsjz-backfill
160716,,,2021-08-03,1.5633,1.5633,eastmoney:lsjz-backfill
160716,,,2021-08-04,1.5554,1.5554,eastmoney:lsjz-backfill
160716,,,2021-08-05,1.5551,1.5551,eastmoney:lsjz-backfill
160716,,,2021-08-06,1.5558,1.5558,eastmoney:lsjz-backfill
160716,,,2021-08-09,1.5845,1.5845,eastmoney:lsjz-backfill
160716,,,2021-08-10,1.5954,1.5954,eastmoney:lsjz-backfill
160716,,,2021-08-11,1.6097,1.6097,eastmoney:lsjz-backfill
160716,,,2021-08-12,1.6005,1.6005,eastmoney:lsjz-backfill
160716,,,2021-08-13,1.5953,1.5953,eastmoney:lsjz-backfill
160716,,,2021-08-16,1.6103,1.6103,eastmoney:lsjz-backfill
160716,,,2021-08-17,1.5996,1.5996,eastmoney:lsjz-backfill
160716,,,2021-08-18,1.6323,1.6323,eastmoney:lsjz-backfill
160716,,,2021-08-19,1.6066,1.6066,eastmoney:lsjz-backfill
160716,,,2021-08-20,1.5952,1.5952,eastmoney:lsjz-backfill
160716,,,2021-08-23,1.5991,1.5991,eastmoney:lsjz-backfill
160716,,,2021-08-24,1.6011,1.6011,eastmoney:lsjz-backfill
160716,,,2021-08-25,1.6006,1.6006,eastmoney:lsjz-backfill
160716,,,2021-08-26,1.5859,1.5859,eastmoney:lsjz-backfill
160716,,,2021-08-27,1.5994,1.5994,eastmoney:lsjz-backfill
160716,,,2021-08-30,1.5832,1.5832,eastmoney:lsjz-backfill
160716,,,2021-08-31,1.6073,1.6073,eastmoney:lsjz-backfill
160716,,,2021-09-01,1.6534,1.6534,eastmoney:lsjz-backfill
160716,,,2021-09-02,1.6725,1.6725,eastmoney:lsjz-backfill
160716,,,2021-09-03,1.6694,1.6694,eastmoney:lsjz-backfill
160716,,,2021-09-06,1.6828,1.6828,eastmoney:lsjz-backfill
160716,,,2021-09-07,1.7105,1.7105,eastmoney:lsjz-backfill
160716,,,2021-09-08,1.7111,1.7111,eastmoney:lsjz-backfill
160716,,,2021-09-09,1.7252,1.7252,eastmoney:lsjz-backfill
160716,,,2021-09-10,1.7321,1.7321,eastmoney:lsjz-backfill
160716,,,2021-09-13,1.7426,1.7426,eastmoney:lsjz-backfill
160716,,,2021-09-14,1.6973,1.6973,eastmoney:lsjz-backfill
160716,,,2021-09-15,1.6828,1.6828,eastmoney:lsjz-backfill
160716,,,2021-09-16,1.6668,1.6668,eastmoney:lsjz-backfill
160716,,,2021-09-17,1.6654,1.6654,eastmoney:lsjz-backfill
160716,,,2021-09-22,1.6724,1.6724,eastmoney:lsjz-backfill
160716,,,2021-09-23,1.6858,1.6858,eastmoney:lsjz-backfill
160716,,,2021-09-24,1.6634,1.6634,eastmoney:lsjz-backfill
160716,,,2021-09-27,1.651,1.651,eastmoney:lsjz-backfill
160716,,,2021-09-28,1.6737,1.6737,eastmoney:lsjz-backfill
160716,,,2021-09-29,1.6644,1.6644,eastmoney:lsjz-backfill
160716,,,2021-09-30,1.6586,1.6586,eastmoney:lsjz-backfill
160716,,,2021-10-08,1.6787,1.6787,eastmoney:lsjz-backfill
160716,,,2021-10-11,1.688,1.688,eastmoney:lsjz-backfill
160716,,,2021-10-12,1.6741,1.6741,eastmoney:lsjz-backfill
160716,,,2021-10-13,1.6648,1.6648,eastmoney:lsjz-backfill
160716,,,2021-10-14,1.6532,1.6532,eastmoney:lsjz-backfill
160716,,,2021-10-15,1.6592,1.6592,eastmoney:lsjz-backfill
160716,,,2021-10-18,1.6546,1.6546,eastmoney:lsjz-backfill
160716,,,2021-10-19,1.6631,1.6631,eastmoney:lsjz-backfill
160716,,,2021-10-20,1.6537,1.6537,eastmoney:lsjz-backfill
160716,,,2021-10-21,1.6784,1.6784,eastmoney:lsjz-backfill
160716,,,2021-10-22,1.6773,1.6773,eastmoney:lsjz-backfill
160716,,,2021-10-25,1.678,1.678,eastmoney:lsjz-backfill
160716,,,2021-10-26,1.6677,1.6677,eastmoney:lsjz-backfill
160716,,,2021-10-27,1.6503,1.6503,eastmoney:lsjz-backfill
160716,,,2021-10-28,1.6361,1.6361,eastmoney:lsjz-backfill
160716,,,2021-10-29,1.631,1.631,eastmoney:lsjz-backfill
160716,,,2021-11-01,1.638,1.638,eastmoney:lsjz-backfill
160716,,,2021-11-02,1.6059,1.6059,eastmoney:lsjz-backfill
160716,,,2021-11-03,1.6104,1.6104,eastmoney:lsjz-backfill
160716,,,2021-11-04,1.6089,1.6089,eastmoney:lsjz-backfill
160716,,,2021-11-05,1.6,1.6,eastmoney:lsjz-backfill
160716,,,2021-11-08,1.6005,1.6005,eastmoney:lsjz-backfill
160716,,,2021-11-09,1.594,1.594,eastmoney:lsjz-backfill
160716,,,2021-11-10,1.5906,1.5906,eastmoney:lsjz-backfill
160716,,,2021-11-11,1.6297,1.6297,eastmoney:lsjz-backfill
160716,,,2021-11-12,1.6186,1.6186,eastmoney:lsjz-backfill
160716,,,2021-11-15,1.6212,1.6212,eastmoney:lsjz-backfill
160716,,,2021-11-16,1.6118,1.6118,eastmoney:lsjz-backfill
160716,,,2021-11-17,1.6087,1.6087,eastmoney:lsjz-backfill
160716,,,2021-11-18,1.598,1.598,eastmoney:lsjz-backfill
160716,,,2021-11-19,1.6179,1.6179,eastmoney:lsjz-backfill
160716,,,2021-11-22,1.6059,1.6059,eastmoney:lsjz-backfill
160716,,,2021-11-23,1.6112,1.6112,eastmoney:lsjz-backfill
160716,,,2021-11-24,1.6169,1.6169,eastmoney:lsjz-backfill
160716,,,2021-11-25,1.6118,1.6118,eastmoney:lsjz-backfill
160716,,,2021-11-26,1.5941,1.5941,eastmoney:lsjz-backfill
160716,,,2021-11-29,1.5885,1.5885,eastmoney:lsjz-backfill
160716,,,2021-11-30,1.5816,1.5816,eastmoney:lsjz-backfill
160716,,,2021-12-01,1.5989,1.5989,eastmoney:lsjz-backfill
160716,,,2021-12-02,1.615,1.615,eastmoney:lsjz-backfill
160716,,,2021-12-03,1.6286,1.6286,eastmoney:lsjz-backfill
160716,,,2021-12-06,1.6322,1.6322,eastmoney:lsjz-backfill
160716,,,2021-12-07,1.6592,1.6592,eastmoney:lsjz-backfill
160716,,,2021-12-08,1.6603,1.6603,eastmoney:lsjz-backfill
160716,,,2021-12-09,1.6777,1.6777,eastmoney:lsjz-backfill
160716,,,2021-12-10,1.6677,1.6677,eastmoney:lsjz-backfill
160716,,,2021-12-13,1.6696,1.6696,eastmoney:lsjz-backfill
160716,,,2021-12-14,1.6494,1.6494,eastmoney:lsjz-backfill
160716,,,2021-12-15,1.6536,1.6536,eastmoney:lsjz-backfill
160716,,,2021-12-16,1.6714,1.6714,eastmoney:lsjz-backfill
160716,,,2021-12-17,1.6606,1.6606,eastmoney:lsjz-backfill
160716,,,2021-12-20,1.6598,1.6598,eastmoney:lsjz-backfill
160716,,,2021-12-21,1.6763,1.6763,eastmoney:lsjz-backfill
160716,,,2021-12-22,1.6639,1.6639,eastmoney:lsjz-backfill
160716,,,2021-12-23,1.6729,1.6729,eastmoney:lsjz-backfill
160716,,,2021-12-24,1.6662,1.6662,eastmoney:lsjz-backfill
160716,,,2021-12-27,1.6685,1.6685,eastmoney:lsjz-backfill
160716,,,2021-12-28,1.6684,1.6684,eastmoney:lsjz-backfill
160716,,,2021-12-29,1.6541,1.6541,eastmoney:lsjz-backfill
160716,,,2021-12-30,1.657,1.657,eastmoney:lsjz-backfill
160716,,,2021-12-31,1.6653,1.6653,eastmoney:lsjz-backfill
160716,,,2022-01-04,1.6739,1.6739,eastmoney:lsjz-backfill
160716,,,2022-01-05,1.6849,1.6849,eastmoney:lsjz-backfill
160716,,,2022-01-06,1.6834,1.6834,eastmoney:lsjz-backfill
160716,,,2022-01-07,1.7141,1.7141,eastmoney:lsjz-backfill
160716,,,2022-01-10,1.7227,1.7227,eastmoney:lsjz-backfill
160716,,,2022-01-11,1.7235,1.7235,eastmoney:lsjz-backfill
160716,,,2022-01-12,1.7134,1.7134,eastmoney:lsjz-backfill
160716,,,2022-01-13,1.7043,1.7043,eastmoney:lsjz-backfill
160716,,,2022-01-14,1.6684,1.6684,eastmoney:lsjz-backfill
160716,,,2022-01-17,1.6716,1.6716,eastmoney:lsjz-backfill
160716,,,2022-01-18,1.7121,1.7121,eastmoney:lsjz-backfill
160716,,,2022-01-19,1.7228,1.7228,eastmoney:lsjz-backfill
160716,,,2022-01-20,1.7466,1.7466,eastmoney:lsjz-backfill
160716,,,2022-01-21,1.7285,1.7285,eastmoney:lsjz-backfill
160716,,,2022-01-24,1.731,1.731,eastmoney:lsjz-backfill
160716,,,2022-01-25,1.6923,1.6923,eastmoney:lsjz-backfill
160716,,,2022-01-26,1.7047,1.7047,eastmoney:lsjz-backfill
160716,,,2022-01-27,1.692,1.692,eastmoney:lsjz-backfill
160716,,,2022-01-28,1.6668,1.6668,eastmoney:lsjz-backfill
160716,,,2022-02-07,1.7226,1.7226,eastmoney:lsjz-backfill
160716,,,2022-02-08,1.7457,1.7457,eastmoney:lsjz-backfill
160716,,,2022-02-09,1.7437,1.7437,eastmoney:lsjz-backfill
160716,,,2022-02-10,1.7592,1.7592,eastmoney:lsjz-backfill
160716,,,2022-02-11,1.7703,1.7703,eastmoney:lsjz-backfill
160716,,,2022-02-14,1.7342,1.7342,eastmoney:lsjz-backfill
160716,,,2022-02-15,1.7193,1.7193,eastmoney:lsjz-backfill
160716,,,2022-02-16,1.7356,1.7356,eastmoney:lsjz-backfill
160716,,,2022-02-17,1.729,1.729,eastmoney:lsjz-backfill
160716,,,2022-02-18,1.7542,1.7542,eastmoney:lsjz-backfill
160716,,,2022-02-21,1.7451,1.7451,eastmoney:lsjz-backfill
160716,,,2022-02-22,1.7266,1.7266,eastmoney:lsjz-backfill
160716,,,2022-02-23,1.716,1.716,eastmoney:lsjz-backfill
160716,,,2022-02-24,1.6853,1.6853,eastmoney:lsjz-backfill
160716,,,2022-02-25,1.6792,1.6792,eastmoney:lsjz-backfill
160716,,,2022-02-28,1.6758,1.6758,eastmoney:lsjz-backfill
160716,,,2022-03-01,1.6944,1.6944,eastmoney:lsjz-backfill
160716,,,2022-03-02,1.6915,1.6915,eastmoney:lsjz-backfill
160716,,,2022-03-03,1.7087,1.7087,eastmoney:lsjz-backfill
160716,,,2022-03-04,1.6925,1.6925,eastmoney:lsjz-backfill
160716,,,2022-03-07,1.6742,1.6742,eastmoney:lsjz-backfill
160716,,,2022-03-08,1.6408,1.6408,eastmoney:lsjz-backfill
160716,,,2022-03-09,1.6215,1.6215,eastmoney:lsjz-backfill
160716,,,2022-03-10,1.6229,1.6229,eastmoney:lsjz-backfill
160716,,,2022-03-11,1.6216,1.6216,eastmoney:lsjz-backfill
160716,,,2022-03-14,1.5909,1.5909,eastmoney:lsjz-backfill
160716,,,2022-03-15,1.5047,1.5047,eastmoney:lsjz-backfill
160716,,,2022-03-16,1.5496,1.5496,eastmoney:lsjz-backfill
160716,,,2022-03-17,1.5656,1.5656,eastmoney:lsjz-backfill
160716,,,2022-03-18,1.604,1.604,eastmoney:lsjz-backfill
160716,,,2022-03-21,1.5863,1.5863,eastmoney:lsjz-backfill
160716,,,2022-03-22,1.6121,1.6121,eastmoney:lsjz-backfill
160716,,,2022-03-23,1.6116,1.6116,eastmoney:lsjz-backfill
160716,,,2022-03-24,1.6094,1.6094,eastmoney:lsjz-backfill
160716,,,2022-03-25,1.5994,1.5994,eastmoney:lsjz-backfill
160716,,,2022-03-28,1.6162,1.6162,eastmoney:lsjz-backfill
160716,,,2022-03-29,1.6106,1.6106,eastmoney:lsjz-backfill
160716,,,2022-03-30,1.642,1.642,eastmoney:lsjz-backfill
160716,,,2022-03-31,1.6484,1.6484,eastmoney:lsjz-backfill
160716,,,2022-04-01,1.6699,1.6699,eastmoney:lsjz-backfill
160716,,,2022-04-06,1.7019,1.7019,eastmoney:lsjz-backfill
160716,,,2022-04-07,1.6817,1.6817,eastmoney:lsjz-backfill
160716,,,2022-04-08,1.7082,1.7082,eastmoney:lsjz-backfill
160716,,,2022-04-11,1.6836,1.6836,eastmoney:lsjz-backfill
160716,,,2022-04-12,1.6824,1.6824,eastmoney:lsjz-backfill
160716,,,2022-04-13,1.6795,1.6795,eastmoney:lsjz-backfill
160716,,,2022-04-14,1.6952,1.6952,eastmoney:lsjz-backfill
160716,,,2022-04-15,1.7012,1.7012,eastmoney:lsjz-backfill
160716,,,2022-04-18,1.6648,1.6648,eastmoney:lsjz-backfill
160716,,,2022-04-19,1.6714,1.6714,eastmoney:lsjz-backfill
160716,,,2022-04-20,1.6412,1.6412,eastmoney:lsjz-backfill
160716,,,2022-04-21,1.6268,1.6268,eastmoney:lsjz-backfill
160716,,,2022-04-22,1.6521,1.6521,eastmoney:lsjz-backfill
160716,,,2022-04-25,1.5939,1.5939,eastmoney:lsjz-backfill
160716,,,2022-04-26,1.5947,1.5947,eastmoney:lsjz-backfill
160716,,,2022-04-27,1.6043,1.6043,eastmoney:lsjz-backfill
160716,,,2022-04-28,1.6354,1.6354,eastmoney:lsjz-backfill
160716,,,2022-04-29,1.6507,1.6507,eastmoney:lsjz-backfill
160716,,,2022-05-05,1.6472,1.6472,eastmoney:lsjz-backfill
160716,,,2022-05-06,1.6047,1.6047,eastmoney:lsjz-backfill
160716,,,2022-05-09,1.5973,1.5973,eastmoney:lsjz-backfill
160716,,,2022-05-10,1.6119,1.6119,eastmoney:lsjz-backfill
160716,,,2022-05-11,1.6004,1.6004,eastmoney:lsjz-backfill
160716,,,2022-05-12,1.588,1.588,eastmoney:lsjz-backfill
160716,,,2022-05-13,1.6117,1.6117,eastmoney:lsjz-backfill
160716,,,2022-05-16,1.6075,1.6075,eastmoney:lsjz-backfill
160716,,,2022-05-17,1.6101,1.6101,eastmoney:lsjz-backfill
160716,,,2022-05-18,1.6008,1.6008,eastmoney:lsjz-backfill
160716,,,2022-05-19,1.6082,1.6082,eastmoney:lsjz-backfill
160716,,,2022-05-20,1.6269,1.6269,eastmoney:lsjz-backfill
160716,,,2022-05-23,1.6088,1.6088,eastmoney:lsjz-backfill
160716,,,2022-05-24,1.5884,1.5884,eastmoney:lsjz-backfill
160716,,,2022-05-25,1.6016,1.6016,eastmoney:lsjz-backfill
160716,,,2022-05-26,1.6095,1.6095,eastmoney:lsjz-backfill
160716,,,2022-05-27,1.6147,1.6147,eastmoney:lsjz-backfill
160716,,,2022-05-30,1.6053,1.6053,eastmoney:lsjz-backfill
160716,,,2022-05-31,1.608,1.608,eastmoney:lsjz-backfill
160716,,,2022-06-01,1.6052,1.6052,eastmoney:lsjz-backfill
160716,,,2022-06-02,1.5977,1.5977,eastmoney:lsjz-backfill
160716,,,2022-06-06,1.5923,1.5923,eastmoney:lsjz-backfill
160716,,,2022-06-07,1.5975,1.5975,eastmoney:lsjz-backfill
160716,,,2022-06-08,1.604,1.604,eastmoney:lsjz-backfill
160716,,,2022-06-09,1.6137,1.6137,eastmoney:lsjz-backfill
160716,,,2022-06-10,1.6217,1.6217,eastmoney:lsjz-backfill
160716,,,2022-06-13,1.5914,1.5914,eastmoney:lsjz-backfill
160716,,,2022-06-14,1.6163,1.6163,eastmoney:lsjz-backfill
160716,,,2022-06-15,1.6529,1.6529,eastmoney:lsjz-backfill
160716,,,2022-06-16,1.6286,1.6286,eastmoney:lsjz-backfill
160716,,,2022-06-17,1.6363,1.6363,eastmoney:lsjz-backfill
160716,,,2022-06-20,1.6323,1.6323,eastmoney:lsjz-backfill
160716,,,2022-06-21,1.6424,1.6424,eastmoney:lsjz-backfill
160716,,,2022-06-22,1.6214,1.6214,eastmoney:lsjz-backfill
160716,,,2022-06-23,1.6403,1.6403,eastmoney:lsjz-backfill
160716,,,2022-06-24,1.6413,1.6413,eastmoney:lsjz-backfill
160716,,,2022-06-27,1.6501,1.6501,eastmoney:lsjz-backfill
160716,,,2022-06-28,1.6545,1.6545,eastmoney:lsjz-backfill
160716,,,2022-06-29,1.6638,1.6638,eastmoney:lsjz-backfill
160716,,,2022-06-30,1.6761,1.6761,eastmoney:lsjz-backfill
160716,,,2022-07-01,1.6745,1.6745,eastmoney:lsjz-backfill
160716,,,2022-07-04,1.6709,1.6709,eastmoney:lsjz-backfill
160716,,,2022-07-05,1.6726,1.6726,eastmoney:lsjz-backfill
160716,,,2022-07-06,1.6484,1.6484,eastmoney:lsjz-backfill
160716,,,2022-07-07,1.6437,1.6437,eastmoney:lsjz-backfill
160716,,,2022-07-08,1.6532,1.6532,eastmoney:lsjz-backfill
160716,,,2022-07-11,1.6458,1.6458,eastmoney:lsjz-backfill
160716,,,2022-07-12,1.6565,1.6565,eastmoney:lsjz-backfill
160716,,,2022-07-13,1.644,1.644,eastmoney:lsjz-backfill
160716,,,2022-07-14,1.6156,1.6156,eastmoney:lsjz-backfill
160716,,,2022-07-15,1.588,1.588,eastmoney:lsjz-backfill
160716,,,2022-07-18,1.6126,1.6126,eastmoney:lsjz-backfill
160716,,,2022-07-19,1.6127,1.6127,eastmoney:lsjz-backfill
160716,,,2022-07-20,1.613,1.613,eastmoney:lsjz-backfill
160716,,,2022-07-21,1.5903,1.5903,eastmoney:lsjz-backfill
160716,,,2022-07-22,1.5938,1.5938,eastmoney:lsjz-backfill
160716,,,2022-07-25,1.5967,1.5967,eastmoney:lsjz-backfill
160716,,,2022-07-26,1.6123,1.6123,eastmoney:lsjz-backfill
160716,,,2022-07-27,1.6005,1.6005,eastmoney:lsjz-backfill
160716,,,2022-07-28,1.599,1.599,eastmoney:lsjz-backfill
160716,,,2022-07-29,1.5832,1.5832,eastmoney:lsjz-backfill
160716,,,2022-08-01,1.5729,1.5729,eastmoney:lsjz-backfill
160716,,,2022-08-02,1.5474,1.5474,eastmoney:lsjz-backfill
160716,,,2022-08-03,1.5313,1.5313,eastmoney:lsjz-backfill
160716,,,2022-08-04,1.5425,1.5425,eastmoney:lsjz-backfill
160716,,,2022-08-05,1.5585,1.5585,eastmoney:lsjz-backfill
160716,,,2022-08-08,1.5542,1.5542,eastmoney:lsjz-backfill
160716,,,2022-08-09,1.5524,1.5524,eastmoney:lsjz-backfill
160716,,,2022-08-10,1.5441,1.5441,eastmoney:lsjz-backfill
160716,,,2022-08-11,1.5686,1.5686,eastmoney:lsjz-backfill
160716,,,2022-08-12,1.5758,1.5758,eastmoney:lsjz-backfill
160716,,,2022-08-15,1.5661,1.5661,eastmoney:lsjz-backfill
160716,,,2022-08-16,1.566,1.566,eastmoney:lsjz-backfill
160716,,,2022-08-17,1.5803,1.5803,eastmoney:lsjz-backfill
160716,,,2022-08-18,1.5648,1.5648,eastmoney:lsjz-backfill
160716,,,2022-08-19,1.5735,1.5735,eastmoney:lsjz-backfill
160716,,,2022-08-22,1.5802,1.5802,eastmoney:lsjz-backfill
160716,,,2022-08-23,1.5697,1.5697,eastmoney:lsjz-backfill
160716,,,2022-08-24,1.5623,1.5623,eastmoney:lsjz-backfill
160716,,,2022-08-25,1.5874,1.5874,eastmoney:lsjz-backfill
160716,,,2022-08-26,1.5831,1.5831,eastmoney:lsjz-backfill
160716,,,2022-08-29,1.5757,1.5757,eastmoney:lsjz-backfill
160716,,,2022-08-30,1.5792,1.5792,eastmoney:lsjz-backfill
160716,,,2022-08-31,1.598,1.598,eastmoney:lsjz-backfill
160716,,,2022-09-01,1.5989,1.5989,eastmoney:lsjz-backfill
160716,,,2022-09-02,1.5934,1.5934,eastmoney:lsjz-backfill
160716,,,2022-09-05,1.6047,1.6047,eastmoney:lsjz-backfill
160716,,,2022-09-06,1.6133,1.6133,eastmoney:lsjz-backfill
160716,,,2022-09-07,1.606,1.606,eastmoney:lsjz-backfill
160716,,,2022-09-08,1.6074,1.6074,eastmoney:lsjz-backfill
160716,,,2022-09-09,1.6356,1.6356,eastmoney:lsjz-backfill
160716,,,2022-09-13,1.6393,1.6393,eastmoney:lsjz-backfill
160716,,,2022-09-14,1.6268,1.6268,eastmoney:lsjz-backfill
160716,,,2022-09-15,1.6429,1.6429,eastmoney:lsjz-backfill
160716,,,2022-09-16,1.6046,1.6046,eastmoney:lsjz-backfill
160716,,,2022-09-19,1.6086,1.6086,eastmoney:lsjz-backfill
160716,,,2022-09-20,1.5916,1.5916,eastmoney:lsjz-backfill
160716,,,2022-09-21,1.5941,1.5941,eastmoney:lsjz-backfill
160716,,,2022-09-22,1.5854,1.5854,eastmoney:lsjz-backfill
160716,,,2022-09-23,1.5924,1.5924,eastmoney:lsjz-backfill
160716,,,2022-09-26,1.5692,1.5692,eastmoney:lsjz-backfill
160716,,,2022-09-27,1.5758,1.5758,eastmoney:lsjz-backfill
160716,,,2022-09-28,1.5655,1.5655,eastmoney:lsjz-backfill
160716,,,2022-09-29,1.5502,1.5502,eastmoney:lsjz-backfill
160716,,,2022-09-30,1.564,1.564,eastmoney:lsjz-backfill
160716,,,2022-10-10,1.5578,1.5578,eastmoney:lsjz-backfill
160716,,,2022-10-11,1.5483,1.5483,eastmoney:lsjz-backfill
160716,,,2022-10-12,1.5627,1.5627,eastmoney:lsjz-backfill
160716,,,2022-10-13,1.5442,1.5442,eastmoney:lsjz-backfill
160716,,,2022-10-14,1.5577,1.5577,eastmoney:lsjz-backfill
160716,,,2022-10-17,1.5562,1.5562,eastmoney:lsjz-backfill
160716,,,2022-10-18,1.5498,1.5498,eastmoney:lsjz-backfill
160716,,,2022-10-19,1.5327,1.5327,eastmoney:lsjz-backfill
160716,,,2022-10-20,1.5271,1.5271,eastmoney:lsjz-backfill
160716,,,2022-10-21,1.5286,1.5286,eastmoney:lsjz-backfill
160716,,,2022-10-24,1.4877,1.4877,eastmoney:lsjz-backfill
160716,,,2022-10-25,1.4862,1.4862,eastmoney:lsjz-backfill
160716,,,2022-10-26,1.4764,1.4764,eastmoney:lsjz-backfill
160716,,,2022-10-27,1.4765,1.4765,eastmoney:lsjz-backfill
160716,,,2022-10-28,1.4554,1.4554,eastmoney:lsjz-backfill
160716,,,2022-10-31,1.4231,1.4231,eastmoney:lsjz-backfill
160716,,,2022-11-01,1.4518,1.4518,eastmoney:lsjz-backfill
160716,,,2022-11-02,1.4604,1.4604,eastmoney:lsjz-backfill
160716,,,2022-11-03,1.4483,1.4483,eastmoney:lsjz-backfill
160716,,,2022-11-04,1.4784,1.4784,eastmoney:lsjz-backfill
160716,,,2022-11-07,1.4849,1.4849,eastmoney:lsjz-backfill
160716,,,2022-11-08,1.4833,1.4833,eastmoney:lsjz-backfill
160716,,,2022-11-09,1.4816,1.4816,eastmoney:lsjz-backfill
160716,,,2022-11-10,1.4815,1.4815,eastmoney:lsjz-backfill
160716,,,2022-11-11,1.5298,1.5298,eastmoney:lsjz-backfill
160716,,,2022-11-14,1.5496,1.5496,eastmoney:lsjz-backfill
160716,,,2022-11-15,1.5637,1.5637,eastmoney:lsjz-backfill
160716,,,2022-11-16,1.5532,1.5532,eastmoney:lsjz-backfill
160716,,,2022-11-17,1.55,1.55,eastmoney:lsjz-backfill
160716,,,2022-11-18,1.5422,1.5422,eastmoney:lsjz-backfill
160716,,,2022-11-21,1.5286,1.5286,eastmoney:lsjz-backfill
160716,,,2022-11-22,1.5609,1.5609,eastmoney:lsjz-backfill
160716,,,2022-11-23,1.5708,1.5708,eastmoney:lsjz-backfill
160716,,,2022-11-24,1.5625,1.5625,eastmoney:lsjz-backfill
160716,,,2022-11-25,1.6038,1.6038,eastmoney:lsjz-backfill
160716,,,2022-11-28,1.5804,1.5804,eastmoney:lsjz-backfill
160716,,,2022-11-29,1.6433,1.6433,eastmoney:lsjz-backfill
160716,,,2022-11-30,1.6406,1.6406,eastmoney:lsjz-backfill
160716,,,2022-12-01,1.6374,1.6374,eastmoney:lsjz-backfill
160716,,,2022-12-02,1.6263,1.6263,eastmoney:lsjz-backfill
160716,,,2022-12-05,1.685,1.685,eastmoney:lsjz-backfill
160716,,,2022-12-06,1.6809,1.6809,eastmoney:lsjz-backfill
160716,,,2022-12-07,1.6655,1.6655,eastmoney:lsjz-backfill
160716,,,2022-12-08,1.6741,1.6741,eastmoney:lsjz-backfill
160716,,,2022-12-09,1.6895,1.6895,eastmoney:lsjz-backfill
160716,,,2022-12-12,1.6587,1.6587,eastmoney:lsjz-backfill
160716,,,2022-12-13,1.6652,1.6652,eastmoney:lsjz-backfill
160716,,,2022-12-14,1.6644,1.6644,eastmoney:lsjz-backfill
160716,,,2022-12-15,1.65,1.65,eastmoney:lsjz-backfill
160716,,,2022-12-16,1.668,1.668,eastmoney:lsjz-backfill
160716,,,2022-12-19,1.6341,1.6341,eastmoney:lsjz-backfill
160716,,,2022-12-20,1.6113,1.6113,eastmoney:lsjz-backfill
160716,,,2022-12-21,1.6146,1.6146,eastmoney:lsjz-backfill
160716,,,2022-12-22,1.6199,1.6199,eastmoney:lsjz-backfill
160716,,,2022-12-23,1.6195,1.6195,eastmoney:lsjz-backfill
160716,,,2022-12-26,1.6057,1.6057,eastmoney:lsjz-backfill
160716,,,2022-12-27,1.625,1.625,eastmoney:lsjz-backfill
160716,,,2022-12-28,1.6284,1.6284,eastmoney:lsjz-backfill
160716,,,2022-12-29,1.6124,1.6124,eastmoney:lsjz-backfill
160716,,,2022-12-30,1.6257,1.6257,eastmoney:lsjz-backfill
160716,,,2022-12-31,1.6256,1.6256,eastmoney:lsjz-backfill
160716,,,2023-01-03,1.6378,1.6378,eastmoney:lsjz-backfill
160716,,,2023-01-04,1.6644,1.6644,eastmoney:lsjz-backfill
160716,,,2023-01-05,1.6737,1.6737,eastmoney:lsjz-backfill
160716,,,2023-01-06,1.6725,1.6725,eastmoney:lsjz-backfill
160716,,,2023-01-09,1.6756,1.6756,eastmoney:lsjz-backfill
160716,,,2023-01-10,1.6588,1.6588,eastmoney:lsjz-backfill
160716,,,2023-01-11,1.6725,1.6725,eastmoney:lsjz-backfill
160716,,,2023-01-12,1.6712,1.6712,eastmoney:lsjz-backfill
160716,,,2023-01-13,1.6905,1.6905,eastmoney:lsjz-backfill
160716,,,2023-01-16,1.7002,1.7002,eastmoney:lsjz-backfill
160716,,,2023-01-17,1.6941,1.6941,eastmoney:lsjz-backfill
160716,,,2023-01-18,1.6931,1.6931,eastmoney:lsjz-backfill
160716,,,2023-01-19,1.6986,1.6986,eastmoney:lsjz-backfill
160716,,,2023-01-20,1.7143,1.7143,eastmoney:lsjz-backfill
160716,,,2023-01-30,1.7075,1.7075,eastmoney:lsjz-backfill
160716,,,2023-01-31,1.6989,1.6989,eastmoney:lsjz-backfill
160716,,,2023-02-01,1.7031,1.7031,eastmoney:lsjz-backfill
160716,,,2023-02-02,1.6955,1.6955,eastmoney:lsjz-backfill
160716,,,2023-02-03,1.6775,1.6775,eastmoney:lsjz-backfill
160716,,,2023-02-06,1.6586,1.6586,eastmoney:lsjz-backfill
160716,,,2023-02-07,1.6688,1.6688,eastmoney:lsjz-backfill
160716,,,2023-02-08,1.6612,1.6612,eastmoney:lsjz-backfill
160716,,,2023-02-09,1.675,1.675,eastmoney:lsjz-backfill
160716,,,2023-02-10,1.6737,1.6737,eastmoney:lsjz-backfill
160716,,,2023-02-13,1.6763,1.6763,eastmoney:lsjz-backfill
160716,,,2023-02-14,1.6815,1.6815,eastmoney:lsjz-backfill
160716,,,2023-02-15,1.6702,1.6702,eastmoney:lsjz-backfill
160716,,,2023-02-16,1.6713,1.6713,eastmoney:lsjz-backfill
160716,,,2023-02-17,1.6569,1.6569,eastmoney:lsjz-backfill
160716,,,2023-02-20,1.7047,1.7047,eastmoney:lsjz-backfill
160716,,,2023-02-21,1.7153,1.7153,eastmoney:lsjz-backfill
160716,,,2023-02-22,1.6989,1.6989,eastmoney:lsjz-backfill
160716,,,2023-02-23,1.6966,1.6966,eastmoney:lsjz-backfill
160716,,,2023-02-24,1.6819,1.6819,eastmoney:lsjz-backfill
160716,,,2023-02-27,1.6754,1.6754,eastmoney:lsjz-backfill
160716,,,2023-02-28,1.6879,1.6879,eastmoney:lsjz-backfill
160716,,,2023-03-01,1.7211,1.7211,eastmoney:lsjz-backfill
160716,,,2023-03-02,1.7312,1.7312,eastmoney:lsjz-backfill
160716,,,2023-03-03,1.7517,1.7517,eastmoney:lsjz-backfill
160716,,,2023-03-06,1.7303,1.7303,eastmoney:lsjz-backfill
160716,,,2023-03-07,1.7225,1.7225,eastmoney:lsjz-backfill
160716,,,2023-03-08,1.7193,1.7193,eastmoney:lsjz-backfill
160716,,,2023-03-09,1.7124,1.7124,eastmoney:lsjz-backfill
160716,,,2023-03-10,1.683,1.683,eastmoney:lsjz-backfill
160716,,,2023-03-13,1.7128,1.7128,eastmoney:lsjz-backfill
160716,,,2023-03-14,1.7017,1.7017,eastmoney:lsjz-backfill
160716,,,2023-03-15,1.7192,1.7192,eastmoney:lsjz-backfill
160716,,,2023-03-16,1.7103,1.7103,eastmoney:lsjz-backfill
160716,,,2023-03-17,1.7317,1.7317,eastmoney:lsjz-backfill
160716,,,2023-03-20,1.7148,1.7148,eastmoney:lsjz-backfill
160716,,,2023-03-21,1.7103,1.7103,eastmoney:lsjz-backfill
160716,,,2023-03-22,1.7226,1.7226,eastmoney:lsjz-backfill
160716,,,2023-03-23,1.7388,1.7388,eastmoney:lsjz-backfill
160716,,,2023-03-24,1.7136,1.7136,eastmoney:lsjz-backfill
160716,,,2023-03-27,1.6932,1.6932,eastmoney:lsjz-backfill
160716,,,2023-03-28,1.6971,1.6971,eastmoney:lsjz-backfill
160716,,,2023-03-29,1.6867,1.6867,eastmoney:lsjz-backfill
160716,,,2023-03-30,1.7031,1.7031,eastmoney:lsjz-backfill
160716,,,2023-03-31,1.7011,1.7011,eastmoney:lsjz-backfill
160716,,,2023-04-03,1.7115,1.7115,eastmoney:lsjz-backfill
160716,,,2023-04-04,1.739,1.739,eastmoney:lsjz-backfill
160716,,,2023-04-06,1.7319,1.7319,eastmoney:lsjz-backfill
160716,,,2023-04-07,1.7372,1.7372,eastmoney:lsjz-backfill
160716,,,2023-04-10,1.7449,1.7449,eastmoney:lsjz-backfill
160716,,,2023-04-11,1.7476,1.7476,eastmoney:lsjz-backfill
160716,,,2023-04-12,1.7661,1.7661,eastmoney:lsjz-backfill
160716,,,2023-04-13,1.7599,1.7599,eastmoney:lsjz-backfill
160716,,,2023-04-14,1.7688,1.7688,eastmoney:lsjz-backfill
160716,,,2023-04-17,1.8077,1.8077,eastmoney:lsjz-backfill
160716,,,2023-04-18,1.8241,1.8241,eastmoney:lsjz-backfill
160716,,,2023-04-19,1.8047,1.8047,eastmoney:lsjz-backfill
160716,,,2023-04-20,1.8198,1.8198,eastmoney:lsjz-backfill
160716,,,2023-04-21,1.7897,1.7897,eastmoney:lsjz-backfill
160716,,,2023-04-24,1.7793,1.7793,eastmoney:lsjz-backfill
160716,,,2023-04-25,1.7891,1.7891,eastmoney:lsjz-backfill
160716,,,2023-04-26,1.7679,1.7679,eastmoney:lsjz-backfill
160716,,,2023-04-27,1.7946,1.7946,eastmoney:lsjz-backfill
160716,,,2023-04-28,1.8168,1.8168,eastmoney:lsjz-backfill
160716,,,2023-05-04,1.8482,1.8482,eastmoney:lsjz-backfill
160716,,,2023-05-05,1.854,1.854,eastmoney:lsjz-backfill
160716,,,2023-05-08,1.905,1.905,eastmoney:lsjz-backfill
160716,,,2023-05-09,1.8814,1.8814,eastmoney:lsjz-backfill
160716,,,2023-05-10,1.839,1.839,eastmoney:lsjz-backfill
160716,,,2023-05-11,1.8289,1.8289,eastmoney:lsjz-backfill
160716,,,2023-05-12,1.8039,1.8039,eastmoney:lsjz-backfill
160716,,,2023-05-15,1.8227,1.8227,eastmoney:lsjz-backfill
160716,,,2023-05-16,1.8085,1.8085,eastmoney:lsjz-backfill
160716,,,2023-05-17,1.7939,1.7939,eastmoney:lsjz-backfill
160716,,,2023-05-18,1.8063,1.8063,eastmoney:lsjz-backfill
160716,,,2023-05-19,1.7814,1.7814,eastmoney:lsjz-backfill
160716,,,2023-05-22,1.7845,1.7845,eastmoney:lsjz-backfill
160716,,,2023-05-23,1.7534,1.7534,eastmoney:lsjz-backfill
160716,,,2023-05-24,1.7114,1.7114,eastmoney:lsjz-backfill
160716,,,2023-05-25,1.7101,1.7101,eastmoney:lsjz-backfill
160716,,,2023-05-26,1.7173,1.7173,eastmoney:lsjz-backfill
160716,,,2023-05-29,1.7308,1.7308,eastmoney:lsjz-backfill
160716,,,2023-05-30,1.7344,1.7344,eastmoney:lsjz-backfill
160716,,,2023-05-31,1.7201,1.7201,eastmoney:lsjz-backfill
160716,,,2023-06-01,1.7221,1.7221,eastmoney:lsjz-backfill
160716,,,2023-06-02,1.7425,1.7425,eastmoney:lsjz-backfill
160716,,,2023-06-05,1.7454,1.7454,eastmoney:lsjz-backfill
160716,,,2023-06-06,1.7451,1.7451,eastmoney:lsjz-backfill
160716,,,2023-06-07,1.7536,1.7536,eastmoney:lsjz-backfill
160716,,,2023-06-08,1.7842,1.7842,eastmoney:lsjz-backfill
160716,,,2023-06-09,1.783,1.783,eastmoney:lsjz-backfill
160716,,,2023-06-12,1.7704,1.7704,eastmoney:lsjz-backfill
160716,,,2023-06-13,1.7686,1.7686,eastmoney:lsjz-backfill
160716,,,2023-06-14,1.7587,1.7587,eastmoney:lsjz-backfill
160716,,,2023-06-15,1.769,1.769,eastmoney:lsjz-backfill
160716,,,2023-06-16,1.7775,1.7775,eastmoney:lsjz-backfill
160716,,,2023-06-19,1.7531,1.7531,eastmoney:lsjz-backfill
160716,,,2023-06-20,1.7366,1.7366,eastmoney:lsjz-backfill
160716,,,2023-06-21,1.7311,1.7311,eastmoney:lsjz-backfill
160716,,,2023-06-26,1.7042,1.7042,eastmoney:lsjz-backfill
160716,,,2023-06-27,1.7354,1.7354,eastmoney:lsjz-backfill
160716,,,2023-06-28,1.7391,1.7391,eastmoney:lsjz-backfill
160716,,,2023-06-29,1.7311,1.7311,eastmoney:lsjz-backfill
160716,,,2023-06-30,1.7381,1.7381,eastmoney:lsjz-backfill
160716,,,2023-07-03,1.7686,1.7686,eastmoney:lsjz-backfill
160716,,,2023-07-04,1.7605,1.7605,eastmoney:lsjz-backfill
160716,,,2023-07-05,1.7537,1.7537,eastmoney:lsjz-backfill
160716,,,2023-07-06,1.7457,1.7457,eastmoney:lsjz-backfill
160716,,,2023-07-07,1.7445,1.7445,eastmoney:lsjz-backfill
160716,,,2023-07-10,1.7403,1.7403,eastmoney:lsjz-backfill
160716,,,2023-07-11,1.7491,1.7491,eastmoney:lsjz-backfill
160716,,,2023-07-12,1.7418,1.7418,eastmoney:lsjz-backfill
160716,,,2023-07-13,1.7694,1.7694,eastmoney:lsjz-backfill
160716,,,2023-07-14,1.7785,1.7785,eastmoney:lsjz-backfill
160716,,,2023-07-17,1.768,1.768,eastmoney:lsjz-backfill
160716,,,2023-07-18,1.7614,1.7614,eastmoney:lsjz-backfill
160716,,,2023-07-19,1.77,1.77,eastmoney:lsjz-backfill
160716,,,2023-07-20,1.7614,1.7614,eastmoney:lsjz-backfill
160716,,,2023-07-21,1.76,1.76,eastmoney:lsjz-backfill
160716,,,2023-07-24,1.7554,1.7554,eastmoney:lsjz-backfill
160716,,,2023-07-25,1.8105,1.8105,eastmoney:lsjz-backfill
160716,,,2023-07-26,1.8061,1.8061,eastmoney:lsjz-backfill
160716,,,2023-07-27,1.8083,1.8083,eastmoney:lsjz-backfill
160716,,,2023-07-28,1.8587,1.8587,eastmoney:lsjz-backfill
160716,,,2023-07-31,1.8705,1.8705,eastmoney:lsjz-backfill
160716,,,2023-08-01,1.8645,1.8645,eastmoney:lsjz-backfill
160716,,,2023-08-02,1.8436,1.8436,eastmoney:lsjz-backfill
160716,,,2023-08-03,1.8591,1.8591,eastmoney:lsjz-backfill
160716,,,2023-08-04,1.8627,1.8627,eastmoney:lsjz-backfill
160716,,,2023-08-07,1.8468,1.8468,eastmoney:lsjz-backfill
160716,,,2023-08-08,1.8388,1.8388,eastmoney:lsjz-backfill
160716,,,2023-08-09,1.8406,1.8406,eastmoney:lsjz-backfill
160716,,,2023-08-10,1.8417,1.8417,eastmoney:lsjz-backfill
160716,,,2023-08-11,1.8043,1.8043,eastmoney:lsjz-backfill
160716,,,2023-08-14,1.7948,1.7948,eastmoney:lsjz-backfill
160716,,,2023-08-15,1.8041,1.8041,eastmoney:lsjz-backfill
160716,,,2023-08-16,1.7978,1.7978,eastmoney:lsjz-backfill
160716,,,2023-08-17,1.7944,1.7944,eastmoney:lsjz-backfill
160716,,,2023-08-18,1.7834,1.7834,eastmoney:lsjz-backfill
160716,,,2023-08-21,1.7592,1.7592,eastmoney:lsjz-backfill
160716,,,2023-08-22,1.7824,1.7824,eastmoney:lsjz-backfill
160716,,,2023-08-23,1.7681,1.7681,eastmoney:lsjz-backfill
160716,,,2023-08-24,1.7527,1.7527,eastmoney:lsjz-backfill
160716,,,2023-08-25,1.7634,1.7634,eastmoney:lsjz-backfill
160716,,,2023-08-28,1.792,1.792,eastmoney:lsjz-backfill
160716,,,2023-08-29,1.7864,1.7864,eastmoney:lsjz-backfill
160716,,,2023-08-30,1.7756,1.7756,eastmoney:lsjz-backfill
160716,,,2023-08-31,1.7672,1.7672,eastmoney:lsjz-backfill
160716,,,2023-09-01,1.7888,1.7888,eastmoney:lsjz-backfill
160716,,,2023-09-04,1.8189,1.8189,eastmoney:lsjz-backfill
160716,,,2023-09-05,1.8,1.8,eastmoney:lsjz-backfill
160716,,,2023-09-06,1.8054,1.8054,eastmoney:lsjz-backfill
160716,,,2023-09-07,1.794,1.794,eastmoney:lsjz-backfill
160716,,,2023-09-08,1.7868,1.7868,eastmoney:lsjz-backfill
160716,,,2023-09-11,1.7899,1.7899,eastmoney:lsjz-backfill
160716,,,2023-09-12,1.7869,1.7869,eastmoney:lsjz-backfill
160716,,,2023-09-13,1.7854,1.7854,eastmoney:lsjz-backfill
160716,,,2023-09-14,1.7938,1.7938,eastmoney:lsjz-backfill
160716,,,2023-09-15,1.78,1.78,eastmoney:lsjz-backfill
160716,,,2023-09-18,1.7797,1.7797,eastmoney:lsjz-backfill
160716,,,2023-09-19,1.7876,1.7876,eastmoney:lsjz-backfill
160716,,,2023-09-20,1.7884,1.7884,eastmoney:lsjz-backfill
160716,,,2023-09-21,1.7762,1.7762,eastmoney:lsjz-backfill
160716,,,2023-09-22,1.8045,1.8045,eastmoney:lsjz-backfill
160716,,,2023-09-25,1.7894,1.7894,eastmoney:lsjz-backfill
160716,,,2023-09-26,1.7773,1.7773,eastmoney:lsjz-backfill
160716,,,2023-09-27,1.7748,1.7748,eastmoney:lsjz-backfill
160716,,,2023-09-28,1.7734,1.7734,eastmoney:lsjz-backfill
160716,,,2023-10-09,1.764,1.764,eastmoney:lsjz-backfill
160716,,,2023-10-10,1.7426,1.7426,eastmoney:lsjz-backfill
160716,,,2023-10-11,1.7416,1.7416,eastmoney:lsjz-backfill
160716,,,2023-10-12,1.7663,1.7663,eastmoney:lsjz-backfill
160716,,,2023-10-13,1.7574,1.7574,eastmoney:lsjz-backfill
160716,,,2023-10-16,1.7513,1.7513,eastmoney:lsjz-backfill
160716,,,2023-10-17,1.7588,1.7588,eastmoney:lsjz-backfill
160716,,,2023-10-18,1.7507,1.7507,eastmoney:lsjz-backfill
160716,,,2023-10-19,1.7101,1.7101,eastmoney:lsjz-backfill
160716,,,2023-10-20,1.7013,1.7013,eastmoney:lsjz-backfill
160716,,,2023-10-23,1.6905,1.6905,eastmoney:lsjz-backfill
160716,,,2023-10-24,1.6895,1.6895,eastmoney:lsjz-backfill
160716,,,2023-10-25,1.6967,1.6967,eastmoney:lsjz-backfill
160716,,,2023-10-26,1.7033,1.7033,eastmoney:lsjz-backfill
160716,,,2023-10-27,1.7049,1.7049,eastmoney:lsjz-backfill
160716,,,2023-10-30,1.6865,1.6865,eastmoney:lsjz-backfill
160716,,,2023-10-31,1.6867,1.6867,eastmoney:lsjz-backfill
160716,,,2023-11-01,1.6858,1.6858,eastmoney:lsjz-backfill
160716,,,2023-11-02,1.6908,1.6908,eastmoney:lsjz-backfill
160716,,,2023-11-03,1.6904,1.6904,eastmoney:lsjz-backfill
160716,,,2023-11-06,1.699,1.699,eastmoney:lsjz-backfill
160716,,,2023-11-07,1.6919,1.6919,eastmoney:lsjz-backfill
160716,,,2023-11-08,1.6852,1.6852,eastmoney:lsjz-backfill
160716,,,2023-11-09,1.6861,1.6861,eastmoney:lsjz-backfill
160716,,,2023-11-10,1.6723,1.6723,eastmoney:lsjz-backfill
160716,,,2023-11-13,1.6702,1.6702,eastmoney:lsjz-backfill
160716,,,2023-11-14,1.6726,1.6726,eastmoney:lsjz-backfill
160716,,,2023-11-15,1.6828,1.6828,eastmoney:lsjz-backfill
160716,,,2023-11-16,1.675,1.675,eastmoney:lsjz-backfill
160716,,,2023-11-17,1.6672,1.6672,eastmoney:lsjz-backfill
160716,,,2023-11-20,1.6717,1.6717,eastmoney:lsjz-backfill
160716,,,2023-11-21,1.6795,1.6795,eastmoney:lsjz-backfill
160716,,,2023-11-22,1.6718,1.6718,eastmoney:lsjz-backfill
160716,,,2023-11-23,1.6805,1.6805,eastmoney:lsjz-backfill
160716,,,2023-11-24,1.6763,1.6763,eastmoney:lsjz-backfill
160716,,,2023-11-27,1.6639,1.6639,eastmoney:lsjz-backfill
160716,,,2023-11-28,1.6609,1.6609,eastmoney:lsjz-backfill
160716,,,2023-11-29,1.6433,1.6433,eastmoney:lsjz-backfill
160716,,,2023-11-30,1.6508,1.6508,eastmoney:lsjz-backfill
160716,,,2023-12-01,1.6493,1.6493,eastmoney:lsjz-backfill
160716,,,2023-12-04,1.6413,1.6413,eastmoney:lsjz-backfill
160716,,,2023-12-05,1.6154,1.6154,eastmoney:lsjz-backfill
160716,,,2023-12-06,1.6089,1.6089,eastmoney:lsjz-backfill
160716,,,2023-12-07,1.6104,1.6104,eastmoney:lsjz-backfill
160716,,,2023-12-08,1.6111,1.6111,eastmoney:lsjz-backfill
160716,,,2023-12-11,1.6141,1.6141,eastmoney:lsjz-backfill
160716,,,2023-12-12,1.6298,1.6298,eastmoney:lsjz-backfill
160716,,,2023-12-13,1.6077,1.6077,eastmoney:lsjz-backfill
160716,,,2023-12-14,1.6013,1.6013,eastmoney:lsjz-backfill
160716,,,2023-12-15,1.5967,1.5967,eastmoney:lsjz-backfill
160716,,,2023-12-18,1.6007,1.6007,eastmoney:lsjz-backfill
160716,,,2023-12-19,1.5989,1.5989,eastmoney:lsjz-backfill
160716,,,2023-12-20,1.5887,1.5887,eastmoney:lsjz-backfill
160716,,,2023-12-21,1.597,1.597,eastmoney:lsjz-backfill
160716,,,2023-12-22,1.6056,1.6056,eastmoney:lsjz-backfill
160716,,,2023-12-25,1.6044,1.6044,eastmoney:lsjz-backfill
160716,,,2023-12-26,1.5991,1.5991,eastmoney:lsjz-backfill
160716,,,2023-12-27,1.6064,1.6064,eastmoney:lsjz-backfill
160716,,,2023-12-28,1.6245,1.6245,eastmoney:lsjz-backfill
160716,,,2023-12-29,1.6331,1.6331,eastmoney:lsjz-backfill
160716,,,2023-12-31,1.633,1.633,eastmoney:lsjz-backfill
160716,,,2024-01-02,1.6177,1.6177,eastmoney:lsjz-backfill
160716,,,2024-01-03,1.6258,1.6258,eastmoney:lsjz-backfill
160716,,,2024-01-04,1.6232,1.6232,eastmoney:lsjz-backfill
160716,,,2024-01-05,1.6292,1.6292,eastmoney:lsjz-backfill
160716,,,2024-01-08,1.6164,1.6164,eastmoney:lsjz-backfill
160716,,,2024-01-09,1.6178,1.6178,eastmoney:lsjz-backfill
160716,,,2024-01-10,1.6062,1.6062,eastmoney:lsjz-backfill
160716,,,2024-01-11,1.6022,1.6022,eastmoney:lsjz-backfill
160716,,,2024-01-12,1.6055,1.6055,eastmoney:lsjz-backfill
160716,,,2024-01-15,1.6143,1.6143,eastmoney:lsjz-backfill
160716,,,2024-01-16,1.6247,1.6247,eastmoney:lsjz-backfill
160716,,,2024-01-17,1.604,1.604,eastmoney:lsjz-backfill
160716,,,2024-01-18,1.6107,1.6107,eastmoney:lsjz-backfill
160716,,,2024-01-19,1.6119,1.6119,eastmoney:lsjz-backfill
160716,,,2024-01-22,1.6001,1.6001,eastmoney:lsjz-backfill
160716,,,2024-01-23,1.6009,1.6009,eastmoney:lsjz-backfill
160716,,,2024-01-24,1.6397,1.6397,eastmoney:lsjz-backfill
160716,,,2024-01-25,1.6851,1.6851,eastmoney:lsjz-backfill
160716,,,2024-01-26,1.7028,1.7028,eastmoney:lsjz-backfill
160716,,,2024-01-29,1.7131,1.7131,eastmoney:lsjz-backfill
160716,,,2024-01-30,1.697,1.697,eastmoney:lsjz-backfill
160716,,,2024-01-31,1.6944,1.6944,eastmoney:lsjz-backfill
160716,,,2024-02-01,1.6808,1.6808,eastmoney:lsjz-backfill
160716,,,2024-02-02,1.6831,1.6831,eastmoney:lsjz-backfill
160716,,,2024-02-05,1.6949,1.6949,eastmoney:lsjz-backfill
160716,,,2024-02-06,1.7188,1.7188,eastmoney:lsjz-backfill
160716,,,2024-02-07,1.7247,1.7247,eastmoney:lsjz-backfill
160716,,,2024-02-08,1.7266,1.7266,eastmoney:lsjz-backfill
160716,,,2024-02-19,1.751,1.751,eastmoney:lsjz-backfill
160716,,,2024-02-20,1.7593,1.7593,eastmoney:lsjz-backfill
160716,,,2024-02-21,1.7879,1.7879,eastmoney:lsjz-backfill
160716,,,2024-02-22,1.7995,1.7995,eastmoney:lsjz-backfill
160716,,,2024-02-23,1.8031,1.8031,eastmoney:lsjz-backfill
160716,,,2024-02-26,1.7676,1.7676,eastmoney:lsjz-backfill
160716,,,2024-02-27,1.7738,1.7738,eastmoney:lsjz-backfill
160716,,,2024-02-28,1.7654,1.7654,eastmoney:lsjz-backfill
160716,,,2024-02-29,1.776,1.776,eastmoney:lsjz-backfill
160716,,,2024-03-01,1.7779,1.7779,eastmoney:lsjz-backfill
160716,,,2024-03-04,1.7693,1.7693,eastmoney:lsjz-backfill
160716,,,2024-03-05,1.7905,1.7905,eastmoney:lsjz-backfill
160716,,,2024-03-06,1.7768,1.7768,eastmoney:lsjz-backfill
160716,,,2024-03-07,1.7835,1.7835,eastmoney:lsjz-backfill
160716,,,2024-03-08,1.7853,1.7853,eastmoney:lsjz-backfill
160716,,,2024-03-11,1.784,1.784,eastmoney:lsjz-backfill
160716,,,2024-03-12,1.7716,1.7716,eastmoney:lsjz-backfill
160716,,,2024-03-13,1.7527,1.7527,eastmoney:lsjz-backfill
160716,,,2024-03-14,1.7545,1.7545,eastmoney:lsjz-backfill
160716,,,2024-03-15,1.7559,1.7559,eastmoney:lsjz-backfill
160716,,,2024-03-18,1.758,1.758,eastmoney:lsjz-backfill
160716,,,2024-03-19,1.7452,1.7452,eastmoney:lsjz-backfill
160716,,,2024-03-20,1.7538,1.7538,eastmoney:lsjz-backfill
160716,,,2024-03-21,1.757,1.757,eastmoney:lsjz-backfill
160716,,,2024-03-22,1.7458,1.7458,eastmoney:lsjz-backfill
160716,,,2024-03-25,1.75,1.75,eastmoney:lsjz-backfill
160716,,,2024-03-26,1.7628,1.7628,eastmoney:lsjz-backfill
160716,,,2024-03-27,1.7622,1.7622,eastmoney:lsjz-backfill
160716,,,2024-03-28,1.7553,1.7553,eastmoney:lsjz-backfill
160716,,,2024-03-29,1.7622,1.7622,eastmoney:lsjz-backfill
160716,,,2024-04-01,1.7774,1.7774,eastmoney:lsjz-backfill
160716,,,2024-04-02,1.7744,1.7744,eastmoney:lsjz-backfill
160716,,,2024-04-03,1.7701,1.7701,eastmoney:lsjz-backfill
160716,,,2024-04-08,1.7673,1.7673,eastmoney:lsjz-backfill
160716,,,2024-04-09,1.7525,1.7525,eastmoney:lsjz-backfill
160716,,,2024-04-10,1.745,1.745,eastmoney:lsjz-backfill
160716,,,2024-04-11,1.7447,1.7447,eastmoney:lsjz-backfill
160716,,,2024-04-12,1.7293,1.7293,eastmoney:lsjz-backfill
160716,,,2024-04-15,1.7713,1.7713,eastmoney:lsjz-backfill
160716,,,2024-04-16,1.7734,1.7734,eastmoney:lsjz-backfill
160716,,,2024-04-17,1.7953,1.7953,eastmoney:lsjz-backfill
160716,,,2024-04-18,1.8033,1.8033,eastmoney:lsjz-backfill
160716,,,2024-04-19,1.8013,1.8013,eastmoney:lsjz-backfill
160716,,,2024-04-22,1.7863,1.7863,eastmoney:lsjz-backfill
160716,,,2024-04-23,1.7734,1.7734,eastmoney:lsjz-backfill
160716,,,2024-04-24,1.7782,1.7782,eastmoney:lsjz-backfill
160716,,,2024-04-25,1.7904,1.7904,eastmoney:lsjz-backfill
160716,,,2024-04-26,1.7978,1.7978,eastmoney:lsjz-backfill
160716,,,2024-04-29,1.8043,1.8043,eastmoney:lsjz-backfill
160716,,,2024-04-30,1.8006,1.8006,eastmoney:lsjz-backfill
160716,,,2024-05-06,1.8119,1.8119,eastmoney:lsjz-backfill
160716,,,2024-05-07,1.8132,1.8132,eastmoney:lsjz-backfill
160716,,,2024-05-08,1.8071,1.8071,eastmoney:lsjz-backfill
160716,,,2024-05-09,1.8161,1.8161,eastmoney:lsjz-backfill
160716,,,2024-05-10,1.8336,1.8336,eastmoney:lsjz-backfill
160716,,,2024-05-13,1.8388,1.8388,eastmoney:lsjz-backfill
160716,,,2024-05-14,1.827,1.827,eastmoney:lsjz-backfill
160716,,,2024-05-15,1.8248,1.8248,eastmoney:lsjz-backfill
160716,,,2024-05-16,1.8449,1.8449,eastmoney:lsjz-backfill
160716,,,2024-05-17,1.8776,1.8776,eastmoney:lsjz-backfill
160716,,,2024-05-20,1.8777,1.8777,eastmoney:lsjz-backfill
160716,,,2024-05-21,1.8816,1.8816,eastmoney:lsjz-backfill
160716,,,2024-05-22,1.8868,1.8868,eastmoney:lsjz-backfill
160716,,,2024-05-23,1.8714,1.8714,eastmoney:lsjz-backfill
160716,,,2024-05-24,1.8533,1.8533,eastmoney:lsjz-backfill
160716,,,2024-05-27,1.874,1.874,eastmoney:lsjz-backfill
160716,,,2024-05-28,1.8651,1.8651,eastmoney:lsjz-backfill
160716,,,2024-05-29,1.8583,1.8583,eastmoney:lsjz-backfill
160716,,,2024-05-30,1.8423,1.8423,eastmoney:lsjz-backfill
160716,,,2024-05-31,1.8375,1.8375,eastmoney:lsjz-backfill
160716,,,2024-06-03,1.8411,1.8411,eastmoney:lsjz-backfill
160716,,,2024-06-04,1.8492,1.8492,eastmoney:lsjz-backfill
160716,,,2024-06-05,1.835,1.835,eastmoney:lsjz-backfill
160716,,,2024-06-06,1.8385,1.8385,eastmoney:lsjz-backfill
160716,,,2024-06-07,1.8446,1.8446,eastmoney:lsjz-backfill
160716,,,2024-06-11,1.8124,1.8124,eastmoney:lsjz-backfill
160716,,,2024-06-12,1.8105,1.8105,eastmoney:lsjz-backfill
160716,,,2024-06-13,1.799,1.799,eastmoney:lsjz-backfill
160716,,,2024-06-14,1.8125,1.8125,eastmoney:lsjz-backfill
160716,,,2024-06-18,1.8041,1.8041,eastmoney:lsjz-backfill
160716,,,2024-06-19,1.8114,1.8114,eastmoney:lsjz-backfill
160716,,,2024-06-20,1.8034,1.8034,eastmoney:lsjz-backfill
160716,,,2024-06-21,1.8021,1.8021,eastmoney:lsjz-backfill
160716,,,2024-06-24,1.7993,1.7993,eastmoney:lsjz-backfill
160716,,,2024-06-25,1.8018,1.8018,eastmoney:lsjz-backfill
160716,,,2024-06-26,1.8026,1.8026,eastmoney:lsjz-backfill
160716,,,2024-06-27,1.8046,1.8046,eastmoney:lsjz-backfill
160716,,,2024-06-28,1.8149,1.8149,eastmoney:lsjz-backfill
160716,,,2024-06-30,1.8147,1.8147,eastmoney:lsjz-backfill
160716,,,2024-07-01,1.833,1.833,eastmoney:lsjz-backfill
160716,,,2024-07-02,1.8463,1.8463,eastmoney:lsjz-backfill
160716,,,2024-07-03,1.8416,1.8416,eastmoney:lsjz-backfill
160716,,,2024-07-04,1.8385,1.8385,eastmoney:lsjz-backfill
160716,,,2024-07-05,1.8133,1.8133,eastmoney:lsjz-backfill
160716,,,2024-07-08,1.8075,1.8075,eastmoney:lsjz-backfill
160716,,,2024-07-09,1.8222,1.8222,eastmoney:lsjz-backfill
160716,,,2024-07-10,1.819,1.819,eastmoney:lsjz-backfill
160716,,,2024-07-11,1.827,1.827,eastmoney:lsjz-backfill
160716,,,2024-07-12,1.8476,1.8476,eastmoney:lsjz-backfill
160716,,,2024-07-15,1.8517,1.8517,eastmoney:lsjz-backfill
160716,,,2024-07-16,1.8513,1.8513,eastmoney:lsjz-backfill
160716,,,2024-07-17,1.8611,1.8611,eastmoney:lsjz-backfill
160716,,,2024-07-18,1.8679,1.8679,eastmoney:lsjz-backfill
160716,,,2024-07-19,1.8692,1.8692,eastmoney:lsjz-backfill
160716,,,2024-07-22,1.8512,1.8512,eastmoney:lsjz-backfill
160716,,,2024-07-23,1.8446,1.8446,eastmoney:lsjz-backfill
160716,,,2024-07-24,1.8429,1.8429,eastmoney:lsjz-backfill
160716,,,2024-07-25,1.8303,1.8303,eastmoney:lsjz-backfill
160716,,,2024-07-26,1.8228,1.8228,eastmoney:lsjz-backfill
160716,,,2024-07-29,1.836,1.836,eastmoney:lsjz-backfill
160716,,,2024-07-30,1.8267,1.8267,eastmoney:lsjz-backfill
160716,,,2024-07-31,1.841,1.841,eastmoney:lsjz-backfill
160716,,,2024-08-01,1.8399,1.8399,eastmoney:lsjz-backfill
160716,,,2024-08-02,1.8264,1.8264,eastmoney:lsjz-backfill
160716,,,2024-08-05,1.8116,1.8116,eastmoney:lsjz-backfill
160716,,,2024-08-06,1.7954,1.7954,eastmoney:lsjz-backfill
160716,,,2024-08-07,1.796,1.796,eastmoney:lsjz-backfill
160716,,,2024-08-08,1.8005,1.8005,eastmoney:lsjz-backfill
160716,,,2024-08-09,1.804,1.804,eastmoney:lsjz-backfill
160716,,,2024-08-12,1.7969,1.7969,eastmoney:lsjz-backfill
160716,,,2024-08-13,1.8018,1.8018,eastmoney:lsjz-backfill
160716,,,2024-08-14,1.7961,1.7961,eastmoney:lsjz-backfill
160716,,,2024-08-15,1.8179,1.8179,eastmoney:lsjz-backfill
160716,,,2024-08-16,1.8309,1.8309,eastmoney:lsjz-backfill
160716,,,2024-08-19,1.8486,1.8486,eastmoney:lsjz-backfill
160716,,,2024-08-20,1.8425,1.8425,eastmoney:lsjz-backfill
160716,,,2024-08-21,1.835,1.835,eastmoney:lsjz-backfill
160716,,,2024-08-22,1.8421,1.8421,eastmoney:lsjz-backfill
160716,,,2024-08-23,1.8566,1.8566,eastmoney:lsjz-backfill
160716,,,2024-08-26,1.8588,1.8588,eastmoney:lsjz-backfill
160716,,,2024-08-27,1.8555,1.8555,eastmoney:lsjz-backfill
160716,,,2024-08-28,1.8396,1.8396,eastmoney:lsjz-backfill
160716,,,2024-08-29,1.8011,1.8011,eastmoney:lsjz-backfill
160716,,,2024-08-30,1.8061,1.8061,eastmoney:lsjz-backfill
160716,,,2024-09-02,1.7928,1.7928,eastmoney:lsjz-backfill
160716,,,2024-09-03,1.7758,1.7758,eastmoney:lsjz-backfill
160716,,,2024-09-04,1.7615,1.7615,eastmoney:lsjz-backfill
160716,,,2024-09-05,1.7645,1.7645,eastmoney:lsjz-backfill
160716,,,2024-09-06,1.7606,1.7606,eastmoney:lsjz-backfill
160716,,,2024-09-09,1.7313,1.7313,eastmoney:lsjz-backfill
160716,,,2024-09-10,1.7346,1.7346,eastmoney:lsjz-backfill
160716,,,2024-09-11,1.7131,1.7131,eastmoney:lsjz-backfill
160716,,,2024-09-12,1.7161,1.7161,eastmoney:lsjz-backfill
160716,,,2024-09-13,1.7135,1.7135,eastmoney:lsjz-backfill
160716,,,2024-09-18,1.7328,1.7328,eastmoney:lsjz-backfill
160716,,,2024-09-19,1.742,1.742,eastmoney:lsjz-backfill
160716,,,2024-09-20,1.7518,1.7518,eastmoney:lsjz-backfill
160716,,,2024-09-23,1.7687,1.7687,eastmoney:lsjz-backfill
160716,,,2024-09-24,1.84,1.84,eastmoney:lsjz-backfill
160716,,,2024-09-25,1.8782,1.8782,eastmoney:lsjz-backfill
160716,,,2024-09-26,1.9592,1.9592,eastmoney:lsjz-backfill
160716,,,2024-09-27,1.984,1.984,eastmoney:lsjz-backfill
160716,,,2024-09-30,2.1069,2.1069,eastmoney:lsjz-backfill
160716,,,2024-10-08,2.1805,2.1805,eastmoney:lsjz-backfill
160716,,,2024-10-09,2.0221,2.0221,eastmoney:lsjz-backfill
160716,,,2024-10-10,2.1041,2.1041,eastmoney:lsjz-backfill
160716,,,2024-10-11,2.0659,2.0659,eastmoney:lsjz-backfill
160716,,,2024-10-14,2.115,2.115,eastmoney:lsjz-backfill
160716,,,2024-10-15,2.0687,2.0687,eastmoney:lsjz-backfill
160716,,,2024-10-16,2.0933,2.0933,eastmoney:lsjz-backfill
160716,,,2024-10-17,2.0515,2.0515,eastmoney:lsjz-backfill
160716,,,2024-10-18,2.0791,2.0791,eastmoney:lsjz-backfill
160716,,,2024-10-21,2.073,2.073,eastmoney:lsjz-backfill
160716,,,2024-10-22,2.0789,2.0789,eastmoney:lsjz-backfill
160716,,,2024-10-23,2.0929,2.0929,eastmoney:lsjz-backfill
160716,,,2024-10-24,2.0755,2.0755,eastmoney:lsjz-backfill
160716,,,2024-10-25,2.0712,2.0712,eastmoney:lsjz-backfill
160716,,,2024-10-28,2.0675,2.0675,eastmoney:lsjz-backfill
160716,,,2024-10-29,2.0528,2.0528,eastmoney:lsjz-backfill
160716,,,2024-10-30,2.0324,2.0324,eastmoney:lsjz-backfill
160716,,,2024-10-31,2.0241,2.0241,eastmoney:lsjz-backfill
160716,,,2024-11-01,2.0442,2.0442,eastmoney:lsjz-backfill
160716,,,2024-11-04,2.0547,2.0547,eastmoney:lsjz-backfill
160716,,,2024-11-05,2.0855,2.0855,eastmoney:lsjz-backfill
160716,,,2024-11-06,2.0706,2.0706,eastmoney:lsjz-backfill
160716,,,2024-11-07,2.1302,2.1302,eastmoney:lsjz-backfill
160716,,,2024-11-08,2.0951,2.0951,eastmoney:lsjz-backfill
160716,,,2024-11-11,2.072,2.072,eastmoney:lsjz-backfill
160716,,,2024-11-12,2.052,2.052,eastmoney:lsjz-backfill
160716,,,2024-11-13,2.069,2.069,eastmoney:lsjz-backfill
160716,,,2024-11-14,2.059,2.059,eastmoney:lsjz-backfill
160716,,,2024-11-15,2.0475,2.0475,eastmoney:lsjz-backfill
160716,,,2024-11-18,2.0881,2.0881,eastmoney:lsjz-backfill
160716,,,2024-11-19,2.0634,2.0634,eastmoney:lsjz-backfill
160716,,,2024-11-20,2.061,2.061,eastmoney:lsjz-backfill
160716,,,2024-11-21,2.0584,2.0584,eastmoney:lsjz-backfill
160716,,,2024-11-22,2.0063,2.0063,eastmoney:lsjz-backfill
160716,,,2024-11-25,2.004,2.004,eastmoney:lsjz-backfill
160716,,,2024-11-26,2.01,2.01,eastmoney:lsjz-backfill
160716,,,2024-11-27,2.029,2.029,eastmoney:lsjz-backfill
160716,,,2024-11-28,2.0202,2.0202,eastmoney:lsjz-backfill
160716,,,2024-11-29,2.0261,2.0261,eastmoney:lsjz-backfill
160716,,,2024-12-02,2.0384,2.0384,eastmoney:lsjz-backfill
160716,,,2024-12-03,2.0601,2.0601,eastmoney:lsjz-backfill
160716,,,2024-12-04,2.0552,2.0552,eastmoney:lsjz-backfill
160716,,,2024-12-05,2.048,2.048,eastmoney:lsjz-backfill
160716,,,2024-12-06,2.071,2.071,eastmoney:lsjz-backfill
160716,,,2024-12-09,2.0713,2.0713,eastmoney:lsjz-backfill
160716,,,2024-12-10,2.0874,2.0874,eastmoney:lsjz-backfill
160716,,,2024-12-11,2.0788,2.0788,eastmoney:lsjz-backfill
160716,,,2024-12-12,2.0976,2.0976,eastmoney:lsjz-backfill
160716,,,2024-12-13,2.057,2.057,eastmoney:lsjz-backfill
160716,,,2024-12-16,2.0573,2.0573,eastmoney:lsjz-backfill
160716,,,2024-12-17,2.0575,2.0575,eastmoney:lsjz-backfill
160716,,,2024-12-18,2.075,2.075,eastmoney:lsjz-backfill
160716,,,2024-12-19,2.0637,2.0637,eastmoney:lsjz-backfill
160716,,,2024-12-20,2.0505,2.0505,eastmoney:lsjz-backfill
160716,,,2024-12-23,2.0716,2.0716,eastmoney:lsjz-backfill
160716,,,2024-12-24,2.0961,2.0961,eastmoney:lsjz-backfill
160716,,,2024-12-25,2.1078,2.1078,eastmoney:lsjz-backfill
160716,,,2024-12-26,2.0972,2.0972,eastmoney:lsjz-backfill
160716,,,2024-12-27,2.0997,2.0997,eastmoney:lsjz-backfill
160716,,,2024-12-30,2.1192,2.1192,eastmoney:lsjz-backfill
160716,,,2024-12-31,2.0951,2.0951,eastmoney:lsjz-backfill
160716,,,2025-01-02,2.0414,2.0414,eastmoney:lsjz-backfill
160716,,,2025-01-03,2.0241,2.0241,eastmoney:lsjz-backfill
160716,,,2025-01-06,2.0252,2.0252,eastmoney:lsjz-backfill
160716,,,2025-01-07,2.0323,2.0323,eastmoney:lsjz-backfill
160716,,,2025-01-08,2.0349,2.0349,eastmoney:lsjz-backfill
160716,,,2025-01-09,2.018,2.018,eastmoney:lsjz-backfill
160716,,,2025-01-10,1.9963,1.9963,eastmoney:lsjz-backfill
160716,,,2025-01-13,1.9797,1.9797,eastmoney:lsjz-backfill
160716,,,2025-01-14,2.0106,2.0106,eastmoney:lsjz-backfill
160716,,,2025-01-15,2.0117,2.0117,eastmoney:lsjz-backfill
160716,,,2025-01-16,2.0218,2.0218,eastmoney:lsjz-backfill
160716,,,2025-01-17,2.0162,2.0162,eastmoney:lsjz-backfill
160716,,,2025-01-20,2.018,2.018,eastmoney:lsjz-backfill
160716,,,2025-01-21,2.0161,2.0161,eastmoney:lsjz-backfill
160716,,,2025-01-22,1.9844,1.9844,eastmoney:lsjz-backfill
160716,,,2025-01-23,2.0182,2.0182,eastmoney:lsjz-backfill
160716,,,2025-01-24,2.0272,2.0272,eastmoney:lsjz-backfill
160716,,,2025-01-27,2.0415,2.0415,eastmoney:lsjz-backfill
160716,,,2025-02-05,2.0055,2.0055,eastmoney:lsjz-backfill
160716,,,2025-02-06,2.0136,2.0136,eastmoney:lsjz-backfill
160716,,,2025-02-07,2.0302,2.0302,eastmoney:lsjz-backfill
160716,,,2025-02-10,2.0343,2.0343,eastmoney:lsjz-backfill
160716,,,2025-02-11,2.0369,2.0369,eastmoney:lsjz-backfill
160716,,,2025-02-12,2.0523,2.0523,eastmoney:lsjz-backfill
160716,,,2025-02-13,2.0571,2.0571,eastmoney:lsjz-backfill
160716,,,2025-02-14,2.0691,2.0691,eastmoney:lsjz-backfill
160716,,,2025-02-17,2.0709,2.0709,eastmoney:lsjz-backfill
160716,,,2025-02-18,2.0673,2.0673,eastmoney:lsjz-backfill
160716,,,2025-02-19,2.0627,2.0627,eastmoney:lsjz-backfill
160716,,,2025-02-20,2.0479,2.0479,eastmoney:lsjz-backfill
160716,,,2025-02-21,2.0446,2.0446,eastmoney:lsjz-backfill
160716,,,2025-02-24,2.0477,2.0477,eastmoney:lsjz-backfill
160716,,,2025-02-25,2.0255,2.0255,eastmoney:lsjz-backfill
160716,,,2025-02-26,2.0398,2.0398,eastmoney:lsjz-backfill
160716,,,2025-02-27,2.0522,2.0522,eastmoney:lsjz-backfill
160716,,,2025-02-28,2.0324,2.0324,eastmoney:lsjz-backfill
160716,,,2025-03-03,2.0311,2.0311,eastmoney:lsjz-backfill
160716,,,2025-03-04,2.0228,2.0228,eastmoney:lsjz-backfill
160716,,,2025-03-05,2.0377,2.0377,eastmoney:lsjz-backfill
160716,,,2025-03-06,2.0481,2.0481,eastmoney:lsjz-backfill
160716,,,2025-03-07,2.0429,2.0429,eastmoney:lsjz-backfill
160716,,,2025-03-10,2.0281,2.0281,eastmoney:lsjz-backfill
160716,,,2025-03-11,2.0345,2.0345,eastmoney:lsjz-backfill
160716,,,2025-03-12,2.0276,2.0276,eastmoney:lsjz-backfill
160716,,,2025-03-13,2.0312,2.0312,eastmoney:lsjz-backfill
160716,,,2025-03-14,2.0711,2.0711,eastmoney:lsjz-backfill
160716,,,2025-03-17,2.0762,2.0762,eastmoney:lsjz-backfill
160716,,,2025-03-18,2.0765,2.0765,eastmoney:lsjz-backfill
160716,,,2025-03-19,2.0829,2.0829,eastmoney:lsjz-backfill
160716,,,2025-03-20,2.0652,2.0652,eastmoney:lsjz-backfill
160716,,,2025-03-21,2.0473,2.0473,eastmoney:lsjz-backfill
160716,,,2025-03-24,2.0574,2.0574,eastmoney:lsjz-backfill
160716,,,2025-03-25,2.0636,2.0636,eastmoney:lsjz-backfill
160716,,,2025-03-26,2.0505,2.0505,eastmoney:lsjz-backfill
160716,,,2025-03-27,2.0555,2.0555,eastmoney:lsjz-backfill
160716,,,2025-03-28,2.0479,2.0479,eastmoney:lsjz-backfill
160716,,,2025-03-31,2.0401,2.0401,eastmoney:lsjz-backfill
160716,,,2025-04-01,2.0346,2.0346,eastmoney:lsjz-backfill
160716,,,2025-04-02,2.0421,2.0421,eastmoney:lsjz-backfill
160716,,,2025-04-03,2.0434,2.0434,eastmoney:lsjz-backfill
160716,,,2025-04-07,1.9336,1.9336,eastmoney:lsjz-backfill
160716,,,2025-04-08,1.9842,1.9842,eastmoney:lsjz-backfill
160716,,,2025-04-09,1.9864,1.9864,eastmoney:lsjz-backfill
160716,,,2025-04-10,1.9974,1.9974,eastmoney:lsjz-backfill
160716,,,2025-04-11,1.9941,1.9941,eastmoney:lsjz-backfill
160716,,,2025-04-14,1.9984,1.9984,eastmoney:lsjz-backfill
160716,,,2025-04-15,2.0145,2.0145,eastmoney:lsjz-backfill
160716,,,2025-04-16,2.0313,2.0313,eastmoney:lsjz-backfill
160716,,,2025-04-17,2.0345,2.0345,eastmoney:lsjz-backfill
160716,,,2025-04-18,2.0434,2.0434,eastmoney:lsjz-backfill
160716,,,2025-04-21,2.0285,2.0285,eastmoney:lsjz-backfill
160716,,,2025-04-22,2.0377,2.0377,eastmoney:lsjz-backfill
160716,,,2025-04-23,2.0303,2.0303,eastmoney:lsjz-backfill
160716,,,2025-04-24,2.0442,2.0442,eastmoney:lsjz-backfill
160716,,,2025-04-25,2.04,2.04,eastmoney:lsjz-backfill
160716,,,2025-04-28,2.0427,2.0427,eastmoney:lsjz-backfill
160716,,,2025-04-29,2.038,2.038,eastmoney:lsjz-backfill
160716,,,2025-04-30,2.0176,2.0176,eastmoney:lsjz-backfill
160716,,,2025-05-06,2.0227,2.0227,eastmoney:lsjz-backfill
160716,,,2025-05-07,2.0453,2.0453,eastmoney:lsjz-backfill
160716,,,2025-05-08,2.0568,2.0568,eastmoney:lsjz-backfill
160716,,,2025-05-09,2.0669,2.0669,eastmoney:lsjz-backfill
160716,,,2025-05-12,2.0789,2.0789,eastmoney:lsjz-backfill
160716,,,2025-05-13,2.0966,2.0966,eastmoney:lsjz-backfill
160716,,,2025-05-14,2.1247,2.1247,eastmoney:lsjz-backfill
160716,,,2025-05-15,2.117,2.117,eastmoney:lsjz-backfill
160716,,,2025-05-16,2.0981,2.0981,eastmoney:lsjz-backfill
160716,,,2025-05-19,2.0944,2.0944,eastmoney:lsjz-backfill
160716,,,2025-05-20,2.102,2.102,eastmoney:lsjz-backfill
160716,,,2025-05-21,2.111,2.111,eastmoney:lsjz-backfill
160716,,,2025-05-22,2.1186,2.1186,eastmoney:lsjz-backfill
160716,,,2025-05-23,2.0977,2.0977,eastmoney:lsjz-backfill
160716,,,2025-05-26,2.0867,2.0867,eastmoney:lsjz-backfill
160716,,,2025-05-27,2.0876,2.0876,eastmoney:lsjz-backfill
160716,,,2025-05-28,2.0861,2.0861,eastmoney:lsjz-backfill
160716,,,2025-05-29,2.0882,2.0882,eastmoney:lsjz-backfill
160716,,,2025-05-30,2.0901,2.0901,eastmoney:lsjz-backfill
160716,,,2025-06-03,2.0983,2.0983,eastmoney:lsjz-backfill
160716,,,2025-06-04,2.1015,2.1015,eastmoney:lsjz-backfill
160716,,,2025-06-05,2.0977,2.0977,eastmoney:lsjz-backfill
160716,,,2025-06-06,2.1,2.1,eastmoney:lsjz-backfill
160716,,,2025-06-09,2.1026,2.1026,eastmoney:lsjz-backfill
160716,,,2025-06-10,2.1021,2.1021,eastmoney:lsjz-backfill
160716,,,2025-06-11,2.1174,2.1174,eastmoney:lsjz-backfill
160716,,,2025-06-12,2.119,2.119,eastmoney:lsjz-backfill
160716,,,2025-06-13,2.1078,2.1078,eastmoney:lsjz-backfill
160716,,,2025-06-16,2.1171,2.1171,eastmoney:lsjz-backfill
160716,,,2025-06-17,2.1193,2.1193,eastmoney:lsjz-backfill
160716,,,2025-06-18,2.12,2.12,eastmoney:lsjz-backfill
160716,,,2025-06-19,2.1067,2.1067,eastmoney:lsjz-backfill
160716,,,2025-06-20,2.1231,2.1231,eastmoney:lsjz-backfill
160716,,,2025-06-23,2.1352,2.1352,eastmoney:lsjz-backfill
160716,,,2025-06-24,2.1568,2.1568,eastmoney:lsjz-backfill
160716,,,2025-06-25,2.1781,2.1781,eastmoney:lsjz-backfill
160716,,,2025-06-26,2.1818,2.1818,eastmoney:lsjz-backfill
160716,,,2025-06-27,2.1532,2.1532,eastmoney:lsjz-backfill
160716,,,2025-06-30,2.1523,2.1523,eastmoney:lsjz-backfill
160716,,,2025-07-01,2.1624,2.1624,eastmoney:lsjz-backfill
160716,,,2025-07-02,2.1784,2.1784,eastmoney:lsjz-backfill
160716,,,2025-07-03,2.1836,2.1836,eastmoney:lsjz-backfill
160716,,,2025-07-04,2.2074,2.2074,eastmoney:lsjz-backfill
160716,,,2025-07-07,2.2116,2.2116,eastmoney:lsjz-backfill
160716,,,2025-07-08,2.2142,2.2142,eastmoney:lsjz-backfill
160716,,,2025-07-09,2.2151,2.2151,eastmoney:lsjz-backfill
160716,,,2025-07-10,2.2373,2.2373,eastmoney:lsjz-backfill
160716,,,2025-07-11,2.2254,2.2254,eastmoney:lsjz-backfill
160716,,,2025-07-14,2.236,2.236,eastmoney:lsjz-backfill
160716,,,2025-07-15,2.2249,2.2249,eastmoney:lsjz-backfill
160716,,,2025-07-16,2.2133,2.2133,eastmoney:lsjz-backfill
160716,,,2025-07-17,2.2127,2.2127,eastmoney:lsjz-backfill
160716,,,2025-07-18,2.225,2.225,eastmoney:lsjz-backfill
160716,,,2025-07-21,2.2366,2.2366,eastmoney:lsjz-backfill
160716,,,2025-07-22,2.2545,2.2545,eastmoney:lsjz-backfill
160716,,,2025-07-23,2.2574,2.2574,eastmoney:lsjz-backfill
160716,,,2025-07-24,2.2562,2.2562,eastmoney:lsjz-backfill
160716,,,2025-07-25,2.2357,2.2357,eastmoney:lsjz-backfill
160716,,,2025-07-28,2.235,2.235,eastmoney:lsjz-backfill
160716,,,2025-07-29,2.2267,2.2267,eastmoney:lsjz-backfill
160716,,,2025-07-30,2.2343,2.2343,eastmoney:lsjz-backfill
160716,,,2025-07-31,2.2005,2.2005,eastmoney:lsjz-backfill
160716,,,2025-08-01,2.1901,2.1901,eastmoney:lsjz-backfill
160716,,,2025-08-04,2.1969,2.1969,eastmoney:lsjz-backfill
160716,,,2025-08-05,2.2203,2.2203,eastmoney:lsjz-backfill
160716,,,2025-08-06,2.2179,2.2179,eastmoney:lsjz-backfill
160716,,,2025-08-07,2.2229,2.2229,eastmoney:lsjz-backfill
160716,,,2025-08-08,2.225,2.225,eastmoney:lsjz-backfill
160716,,,2025-08-11,2.2163,2.2163,eastmoney:lsjz-backfill
160716,,,2025-08-12,2.2234,2.2234,eastmoney:lsjz-backfill
160716,,,2025-08-13,2.2168,2.2168,eastmoney:lsjz-backfill
160716,,,2025-08-14,2.2211,2.2211,eastmoney:lsjz-backfill
160716,,,2025-08-15,2.2142,2.2142,eastmoney:lsjz-backfill
160716,,,2025-08-18,2.2175,2.2175,eastmoney:lsjz-backfill
160716,,,2025-08-19,2.2141,2.2141,eastmoney:lsjz-backfill
160716,,,2025-08-20,2.2303,2.2303,eastmoney:lsjz-backfill
160716,,,2025-08-21,2.2397,2.2397,eastmoney:lsjz-backfill
160716,,,2025-08-22,2.2528,2.2528,eastmoney:lsjz-backfill
160716,,,2025-08-25,2.2818,2.2818,eastmoney:lsjz-backfill
160716,,,2025-08-26,2.2667,2.2667,eastmoney:lsjz-backfill
160716,,,2025-08-27,2.2199,2.2199,eastmoney:lsjz-backfill
160716,,,2025-08-28,2.2281,2.2281,eastmoney:lsjz-backfill
160716,,,2025-08-29,2.2301,2.2301,eastmoney:lsjz-backfill
160716,,,2025-09-01,2.2083,2.2083,eastmoney:lsjz-backfill
160716,,,2025-09-02,2.2237,2.2237,eastmoney:lsjz-backfill
160716,,,2025-09-03,2.202,2.202,eastmoney:lsjz-backfill
160716,,,2025-09-04,2.2018,2.2018,eastmoney:lsjz-backfill
160716,,,2025-09-05,2.2025,2.2025,eastmoney:lsjz-backfill
160716,,,2025-09-08,2.1985,2.1985,eastmoney:lsjz-backfill
160716,,,2025-09-09,2.2016,2.2016,eastmoney:lsjz-backfill
160716,,,2025-09-10,2.2018,2.2018,eastmoney:lsjz-backfill
160716,,,2025-09-11,2.2205,2.2205,eastmoney:lsjz-backfill
160716,,,2025-09-12,2.2033,2.2033,eastmoney:lsjz-backfill
160716,,,2025-09-15,2.1994,2.1994,eastmoney:lsjz-backfill
160716,,,2025-09-16,2.1847,2.1847,eastmoney:lsjz-backfill
160716,,,2025-09-17,2.1914,2.1914,eastmoney:lsjz-backfill
160716,,,2025-09-18,2.1529,2.1529,eastmoney:lsjz-backfill
160716,,,2025-09-19,2.1595,2.1595,eastmoney:lsjz-backfill
160716,,,2025-09-22,2.1477,2.1477,eastmoney:lsjz-backfill
160716,,,2025-09-23,2.1549,2.1549,eastmoney:lsjz-backfill
160716,,,2025-09-24,2.1521,2.1521,eastmoney:lsjz-backfill
160716,,,2025-09-25,2.1429,2.1429,eastmoney:lsjz-backfill
160716,,,2025-09-26,2.1385,2.1385,eastmoney:lsjz-backfill
160716,,,2025-09-29,2.1444,2.1444,eastmoney:lsjz-backfill
160716,,,2025-09-30,2.14,2.14,eastmoney:lsjz-backfill
160716,,,2025-10-09,2.1562,2.1562,eastmoney:lsjz-backfill
160716,,,2025-10-10,2.1547,2.1547,eastmoney:lsjz-backfill
160716,,,2025-10-13,2.1457,2.1457,eastmoney:lsjz-backfill
160716,,,2025-10-14,2.1669,2.1669,eastmoney:lsjz-backfill
160716,,,2025-10-15,2.1847,2.1847,eastmoney:lsjz-backfill
160716,,,2025-10-16,2.1986,2.1986,eastmoney:lsjz-backfill
160716,,,2025-10-17,2.1764,2.1764,eastmoney:lsjz-backfill
160716,,,2025-10-20,2.1837,2.1837,eastmoney:lsjz-backfill
160716,,,2025-10-21,2.1971,2.1971,eastmoney:lsjz-backfill
160716,,,2025-10-22,2.204,2.204,eastmoney:lsjz-backfill
160716,,,2025-10-23,2.2179,2.2179,eastmoney:lsjz-backfill
160716,,,2025-10-24,2.2172,2.2172,eastmoney:lsjz-backfill
160716,,,2025-10-27,2.2277,2.2277,eastmoney:lsjz-backfill
160716,,,2025-10-28,2.2188,2.2188,eastmoney:lsjz-backfill
160716,,,2025-10-29,2.2129,2.2129,eastmoney:lsjz-backfill
160716,,,2025-10-30,2.2116,2.2116,eastmoney:lsjz-backfill
160716,,,2025-10-31,2.1875,2.1875,eastmoney:lsjz-backfill
160716,,,2025-11-03,2.2036,2.2036,eastmoney:lsjz-backfill
160716,,,2025-11-04,2.216,2.216,eastmoney:lsjz-backfill
160716,,,2025-11-05,2.2148,2.2148,eastmoney:lsjz-backfill
160716,,,2025-11-06,2.2216,2.2216,eastmoney:lsjz-backfill
160716,,,2025-11-07,2.2199,2.2199,eastmoney:lsjz-backfill
160716,,,2025-11-10,2.234,2.234,eastmoney:lsjz-backfill
160716,,,2025-11-11,2.2317,2.2317,eastmoney:lsjz-backfill
160716,,,2025-11-12,2.2411,2.2411,eastmoney:lsjz-backfill
160716,,,2025-11-13,2.251,2.251,eastmoney:lsjz-backfill
160716,,,2025-11-14,2.2396,2.2396,eastmoney:lsjz-backfill
160716,,,2025-11-17,2.2219,2.2219,eastmoney:lsjz-backfill
160716,,,2025-11-18,2.2087,2.2087,eastmoney:lsjz-backfill
160716,,,2025-11-19,2.2228,2.2228,eastmoney:lsjz-backfill
160716,,,2025-11-20,2.2283,2.2283,eastmoney:lsjz-backfill
160716,,,2025-11-21,2.1989,2.1989,eastmoney:lsjz-backfill
160716,,,2025-11-24,2.1821,2.1821,eastmoney:lsjz-backfill
160716,,,2025-11-25,2.1974,2.1974,eastmoney:lsjz-backfill
160716,,,2025-11-26,2.1911,2.1911,eastmoney:lsjz-backfill
160716,,,2025-11-27,2.1909,2.1909,eastmoney:lsjz-backfill
160716,,,2025-11-28,2.1815,2.1815,eastmoney:lsjz-backfill
160716,,,2025-12-01,2.1903,2.1903,eastmoney:lsjz-backfill
160716,,,2025-12-02,2.1916,2.1916,eastmoney:lsjz-backfill
160716,,,2025-12-03,2.181,2.181,eastmoney:lsjz-backfill
160716,,,2025-12-04,2.1801,2.1801,eastmoney:lsjz-backfill
160716,,,2025-12-05,2.1958,2.1958,eastmoney:lsjz-backfill
160716,,,2025-12-08,2.1972,2.1972,eastmoney:lsjz-backfill
160716,,,2025-12-09,2.1802,2.1802,eastmoney:lsjz-backfill
160716,,,2025-12-10,2.1721,2.1721,eastmoney:lsjz-backfill
160716,,,2025-12-11,2.1688,2.1688,eastmoney:lsjz-backfill
160716,,,2025-12-12,2.1734,2.1734,eastmoney:lsjz-backfill
160716,,,2025-12-15,2.1797,2.1797,eastmoney:lsjz-backfill
160716,,,2025-12-16,2.17,2.17,eastmoney:lsjz-backfill
160716,,,2025-12-17,2.1836,2.1836,eastmoney:lsjz-backfill
160716,,,2025-12-18,2.1954,2.1954,eastmoney:lsjz-backfill
160716,,,2025-12-19,2.1934,2.1934,eastmoney:lsjz-backfill
160716,,,2025-12-22,2.1881,2.1881,eastmoney:lsjz-backfill
160716,,,2025-12-23,2.1972,2.1972,eastmoney:lsjz-backfill
160716,,,2025-12-24,2.193,2.193,eastmoney:lsjz-backfill
160716,,,2025-12-25,2.2003,2.2003,eastmoney:lsjz-backfill
160716,,,2025-12-26,2.1982,2.1982,eastmoney:lsjz-backfill
160716,,,2025-12-29,2.2037,2.2037,eastmoney:lsjz-backfill
160716,,,2025-12-30,2.1936,2.1936,eastmoney:lsjz-backfill
160716,,,2025-12-31,2.1889,2.1889,eastmoney:lsjz-backfill
160716,,,2026-01-05,2.2086,2.2086,eastmoney:lsjz-backfill
160716,,,2026-01-06,2.234,2.234,eastmoney:lsjz-backfill
160716,,,2026-01-07,2.2179,2.2179,eastmoney:lsjz-backfill
160716,,,2026-01-08,2.2009,2.2009,eastmoney:lsjz-backfill
160716,,,2026-01-09,2.1989,2.1989,eastmoney:lsjz-backfill
160716,,,2026-01-12,2.1948,2.1948,eastmoney:lsjz-backfill
160716,,,2026-01-13,2.1953,2.1953,eastmoney:lsjz-backfill
160716,,,2026-01-14,2.168,2.168,eastmoney:lsjz-backfill
160716,,,2026-01-15,2.1602,2.1602,eastmoney:lsjz-backfill
160716,,,2026-01-16,2.143,2.143,eastmoney:lsjz-backfill
160716,,,2026-01-19,2.1385,2.1385,eastmoney:lsjz-backfill
160716,,,2026-01-20,2.1583,2.1583,eastmoney:lsjz-backfill
160716,,,2026-01-21,2.135,2.135,eastmoney:lsjz-backfill
160716,,,2026-01-22,2.128,2.128,eastmoney:lsjz-backfill
160716,,,2026-01-23,2.1107,2.1107,eastmoney:lsjz-backfill
160716,,,2026-01-26,2.123,2.123,eastmoney:lsjz-backfill
160716,,,2026-01-27,2.1156,2.1156,eastmoney:lsjz-backfill
160716,,,2026-01-28,2.1138,2.1138,eastmoney:lsjz-backfill
160716,,,2026-01-29,2.1522,2.1522,eastmoney:lsjz-backfill
160716,,,2026-01-30,2.1343,2.1343,eastmoney:lsjz-backfill
160716,,,2026-02-02,2.1099,2.1099,eastmoney:lsjz-backfill
160716,,,2026-02-03,2.1119,2.1119,eastmoney:lsjz-backfill
160716,,,2026-02-04,2.1527,2.1527,eastmoney:lsjz-backfill
160716,,,2026-02-05,2.1597,2.1597,eastmoney:lsjz-backfill
160716,,,2026-02-06,2.1498,2.1498,eastmoney:lsjz-backfill
160716,,,2026-02-09,2.1635,2.1635,eastmoney:lsjz-backfill
160716,,,2026-02-10,2.1601,2.1601,eastmoney:lsjz-backfill
160716,,,2026-02-11,2.1611,2.1611,eastmoney:lsjz-backfill
160716,,,2026-02-12,2.1474,2.1474,eastmoney:lsjz-backfill
160716,,,2026-02-13,2.1231,2.1231,eastmoney:lsjz-backfill
160716,,,2026-02-24,2.1357,2.1357,eastmoney:lsjz-backfill
160716,,,2026-02-25,2.1409,2.1409,eastmoney:lsjz-backfill
160716,,,2026-02-26,2.1236,2.1236,eastmoney:lsjz-backfill
160716,,,2026-02-27,2.1241,2.1241,eastmoney:lsjz-backfill
160716,,,2026-03-02,2.1361,2.1361,eastmoney:lsjz-backfill
160716,,,2026-03-03,2.1496,2.1496,eastmoney:lsjz-backfill
160716,,,2026-03-04,2.1215,2.1215,eastmoney:lsjz-backfill
160716,,,2026-03-05,2.1328,2.1328,eastmoney:lsjz-backfill
160716,,,2026-03-06,2.1371,2.1371,eastmoney:lsjz-backfill
160716,,,2026-03-09,2.1238,2.1238,eastmoney:lsjz-backfill
160716,,,2026-03-10,2.1289,2.1289,eastmoney:lsjz-backfill
160716,,,2026-03-11,2.1536,2.1536,eastmoney:lsjz-backfill
160716,,,2026-03-12,2.158,2.158,eastmoney:lsjz-backfill
160716,,,2026-03-13,2.1646,2.1646,eastmoney:lsjz-backfill
160716,,,2026-03-16,2.1577,2.1577,eastmoney:lsjz-backfill
160716,,,2026-03-17,2.1643,2.1643,eastmoney:lsjz-backfill
160716,,,2026-03-18,2.1561,2.1561,eastmoney:lsjz-backfill
160716,,,2026-03-19,2.1436,2.1436,eastmoney:lsjz-backfill
160716,,,2026-03-20,2.128,2.128,eastmoney:lsjz-backfill
160716,,,2026-03-23,2.0676,2.0676,eastmoney:lsjz-backfill
160716,,,2026-03-24,2.0903,2.0903,eastmoney:lsjz-backfill
160716,,,2026-03-25,2.1022,2.1022,eastmoney:lsjz-backfill
160716,,,2026-03-26,2.0897,2.0897,eastmoney:lsjz-backfill
160716,,,2026-03-27,2.0924,2.0924,eastmoney:lsjz-backfill
160716,,,2026-03-30,2.0944,2.0944,eastmoney:lsjz-backfill
160716,,,2026-03-31,2.0984,2.0984,eastmoney:lsjz-backfill
160716,,,2026-04-01,2.1113,2.1113,eastmoney:lsjz-backfill
160716,,,2026-04-02,2.1076,2.1076,eastmoney:lsjz-backfill
160716,,,2026-04-03,2.0858,2.0858,eastmoney:lsjz-backfill
160716,,,2026-04-07,2.0756,2.0756,eastmoney:lsjz-backfill
160716,,,2026-04-08,2.1062,2.1062,eastmoney:lsjz-backfill
160716,,,2026-04-09,2.0853,2.0853,eastmoney:lsjz-backfill
160716,,,2026-04-10,2.0933,2.0933,eastmoney:lsjz-backfill
160716,,,2026-04-13,2.0892,2.0892,eastmoney:lsjz-backfill
160716,,,2026-04-14,2.1056,2.1056,eastmoney:lsjz-backfill
160716,,,2026-04-15,2.1105,2.1105,eastmoney:lsjz-backfill
160716,,,2026-04-16,2.1136,2.1136,eastmoney:lsjz-backfill
160716,,,2026-04-17,2.1008,2.1008,eastmoney:lsjz-backfill
160716,,,2026-04-20,2.1044,2.1044,eastmoney:lsjz-backfill
160716,,,2026-04-21,2.1098,2.1098,eastmoney:lsjz-backfill
160716,,,2026-04-22,2.1038,2.1038,eastmoney:lsjz-backfill
160716,,,2026-04-23,2.1081,2.1081,eastmoney:lsjz-backfill
160716,,,2026-04-24,2.1018,2.1018,eastmoney:lsjz-backfill
160716,,,2026-04-27,2.0927,2.0927,eastmoney:lsjz-backfill
160716,,,2026-04-28,2.1027,2.1027,eastmoney:lsjz-backfill
160716,,,2026-04-29,2.1165,2.1165,eastmoney:lsjz-backfill
160716,,,2026-04-30,2.0988,2.0988,eastmoney:lsjz-backfill
160716,,,2026-05-06,2.0966,2.0966,eastmoney:lsjz-backfill
160716,,,2026-05-07,2.0919,2.0919,eastmoney:lsjz-backfill
160716,,,2026-05-08,2.0871,2.0871,eastmoney:lsjz-backfill
160716,,,2026-05-11,2.0993,2.0993,eastmoney:lsjz-backfill
160716,,,2026-05-12,2.0911,2.0911,eastmoney:lsjz-backfill
160716,,,2026-05-13,2.0854,2.0854,eastmoney:lsjz-backfill
160716,,,2026-05-14,2.0746,2.0746,eastmoney:lsjz-backfill
160716,,,2026-05-15,2.0612,2.0612,eastmoney:lsjz-backfill
160716,,,2026-05-18,2.0489,2.0489,eastmoney:lsjz-backfill
160716,,,2026-05-19,2.0528,2.0528,eastmoney:lsjz-backfill
160716,,,2026-05-20,2.034,2.034,eastmoney:lsjz-backfill
160716,,,2026-05-21,2.0233,2.0233,eastmoney:lsjz-backfill
160716,,,2026-05-22,2.0213,2.0213,eastmoney:lsjz-backfill
160716,,,2026-05-25,2.0249,2.0249,eastmoney:lsjz-backfill
160716,,,2026-05-26,2.0306,2.0306,eastmoney:lsjz-backfill
160716,,,2026-05-27,2.0229,2.0229,eastmoney:lsjz-backfill
160716,,,2026-05-28,2.0118,2.0118,eastmoney:lsjz-backfill
160716,,,2026-05-29,2.0427,2.0427,eastmoney:lsjz-backfill
160716,,,2026-06-01,2.0572,2.0572,eastmoney:lsjz-backfill
160716,,,2026-06-02,2.066,2.066,eastmoney:lsjz-backfill
160716,,,2026-06-03,2.0525,2.0525,eastmoney:lsjz-backfill
160716,,,2026-06-04,2.0359,2.0359,eastmoney:lsjz-backfill
160716,,,2026-06-05,2.0466,2.0466,eastmoney:lsjz-backfill
160716,,,2026-06-08,2.0396,2.0396,eastmoney:lsjz-backfill
160716,,,2026-06-09,2.041,2.041,eastmoney:lsjz-backfill
160716,,,2026-06-10,2.0468,2.0468,eastmoney:lsjz-backfill
160716,,,2026-06-11,2.038,2.038,eastmoney:lsjz-backfill
160716,,,2026-06-12,2.0614,2.0614,eastmoney:lsjz-backfill
160716,,,2026-06-15,2.0496,2.0496,eastmoney:lsjz-backfill
160716,,,2026-06-16,2.0257,2.0257,eastmoney:lsjz-backfill
160716,,,2026-06-17,2.0208,2.0208,eastmoney:lsjz-backfill
160716,,,2026-06-18,1.9704,1.9704,eastmoney:lsjz-backfill
160716,,,2026-06-22,2.0058,2.0058,eastmoney:lsjz-backfill
160716,,,2026-06-23,1.9877,1.9877,eastmoney:lsjz-backfill
160716,,,2026-06-24,1.9553,1.9553,eastmoney:lsjz-backfill
160716,,,2026-06-25,1.9457,1.9457,eastmoney:lsjz-backfill
160716,,,2026-06-26,1.9198,1.9198,eastmoney:lsjz-backfill
160716,,,2026-06-29,1.9398,1.9398,eastmoney:lsjz-backfill
160716,,,2026-06-30,1.9142,1.9142,eastmoney:lsjz-backfill
160716,,,2026-07-01,1.9362,1.9362,eastmoney:lsjz-backfill
160716,,,2026-07-02,1.9507,1.9507,eastmoney:lsjz-backfill
160716,,,2026-07-03,1.9573,1.9573,eastmoney:lsjz-backfill
160716,,,2026-07-06,1.9809,1.9809,eastmoney:lsjz-backfill
160716,,,2026-07-07,1.964,1.964,eastmoney:lsjz-backfill
160716,,,2026-07-08,1.9766,1.9766,eastmoney:lsjz-backfill
160716,,,2026-07-09,1.9737,1.9737,eastmoney:lsjz-backfill
160716,,,2026-07-10,1.9803,1.9803,eastmoney:lsjz-backfill
160716,,,2026-07-13,1.9901,1.9901,eastmoney:lsjz-backfill
160716,,,2026-07-14,2.0081,2.0081,eastmoney:lsjz-backfill
160716,,,2026-07-15,2.0328,2.0328,eastmoney:lsjz-backfill
160716,,,2026-07-16,2.0215,2.0215,eastmoney:lsjz-backfill
160716,,,2026-07-17,2.0264,2.0264,eastmoney:lsjz-backfill
160716,,,2026-07-20,2.0807,2.0807,eastmoney:lsjz-backfill
160716,,,2026-07-21,2.0623,2.0623,eastmoney:lsjz-backfill
160716,,,2026-07-22,2.083,2.083,eastmoney:lsjz-backfill
160716,,,2026-07-23,2.0933,2.0933,eastmoney:lsjz-backfill
160716,,,2026-07-24,2.0827,2.0827,eastmoney:lsjz-backfill
160716,,,2026-07-27,2.0832,2.0832,eastmoney:lsjz-backfill
160716,,,2026-07-28,2.1003,2.1003,eastmoney:lsjz-backfill
160716,,,2026-07-29,2.1103,2.1103,eastmoney:lsjz-backfill
160716,,,2026-07-30,2.15,2.15,eastmoney:lsjz-backfill
160716,,,2026-07-31,2.1332,2.1332,eastmoney:lsjz-backfill
160716,,,2026-08-03,2.1381,2.1381,eastmoney:lsjz-backfill
160716,,,2026-08-04,2.0949,2.0949,eastmoney:lsjz-backfill
160716,,,2026-08-05,2.0865,2.0865,eastmoney:lsjz-backfill
160716,,,2026-08-06,2.0868,2.0868,eastmoney:lsjz-backfill
160716,,,2026-08-07,2.0802,2.0802,eastmoney:lsjz-backfill
160716,,,2026-08-10,2.092,2.092,eastmoney:lsjz-backfill
160716,,,2026-08-11,2.081,2.081,eastmoney:lsjz-backfill
160716,,,2026-08-12,2.0752,2.0752,eastmoney:lsjz-backfill
160716,,,2026-08-13,2.0709,2.0709,eastmoney:lsjz-backfill
160716,,,2026-08-14,2.0584,2.0584,eastmoney:lsjz-backfill
160716,,,2026-08-17,2.0578,2.0578,eastmoney:lsjz-backfill
160716,,,2026-08-18,2.0647,2.0647,eastmoney:lsjz-backfill
160716,,,2026-08-19,2.0789,2.0789,eastmoney:lsjz-backfill
160716,,,2026-08-20,2.0855,2.0855,eastmoney:lsjz-backfill
160716,,,2026-08-21,2.0846,2.0846,eastmoney:lsjz-backfill
160716,,,2026-08-24,2.106,2.106,eastmoney:lsjz-backfill
160716,,,2026-08-25,2.1033,2.1033,eastmoney:lsjz-backfill
160716,,,2026-08-26,2.1181,2.1181,eastmoney:lsjz-backfill
160716,,,2026-08-27,2.1054,2.1054,eastmoney:lsjz-backfill
160716,,,2026-08-28,2.1023,2.1023,eastmoney:lsjz-backfill
160716,,,2026-08-31,2.1074,2.1074,eastmoney:lsjz-backfill
160716,,,2026-09-01,2.1273,2.1273,eastmoney:lsjz-backfill
160716,,,2026-09-02,2.1127,2.1127,eastmoney:lsjz-backfill
160716,,,2026-09-03,2.1186,2.1186,eastmoney:lsjz-backfill
160716,,,2026-09-04,2.1313,2.1313,eastmoney:lsjz-backfill
160716,,,2026-09-07,2.105,2.105,eastmoney:lsjz-backfill
160716,,,2026-09-08,2.1091,2.1091,eastmoney:lsjz-backfill
160716,,,2026-09-09,2.1167,2.1167,eastmoney:lsjz-backfill
160716,,,2026-09-10,2.1265,2.1265,eastmoney:lsjz-backfill
160716,,,2026-09-11,2.1124,2.1124,eastmoney:lsjz-backfill
160716,,,2026-09-14,2.1149,2.1149,eastmoney:lsjz-backfill
160716,,,2026-09-15,2.0932,2.0932,eastmoney:lsjz-backfill
160716,,,2026-09-16,2.0828,2.0828,eastmoney:lsjz-backfill
160716,,,2026-09-17,2.0787,2.0787,eastmoney:lsjz-backfill
160716,,,2026-09-18,2.0803,2.0803,eastmoney:lsjz-backfill
160716,,,2026-09-21,2.0905,2.0905,eastmoney:lsjz-backfill
160716,,,2026-09-22,2.0943,2.0943,eastmoney:lsjz-backfill
160716,,,2026-09-23,2.0845,2.0845,eastmoney:lsjz-backfill
160716,,,2026-09-24,2.0757,2.0757,eastmoney:lsjz-backfill
160716,,,2026-09-28,2.0694,2.0694,eastmoney:lsjz-backfill
160716,,,2026-09-29,2.0714,2.0714,eastmoney:lsjz-backfill
160716,,,2026-09-30,2.0966,2.0966,eastmoney:lsjz-backfill
160716,,,2026-10-08,2.1074,2.1074,eastmoney:lsjz-backfill
160716,,,2026-10-09,2.106,2.106,eastmoney:lsjz-backfill
